season,round,race_name,race_date,country,city,circuit_name,lat,lng,driver_id,driver_code,driver_name,driver_nat,driver_number,constructor_id,constructor,position,position_text,race_points,grid_pos,laps,status,avg_speed_kph,fastest_lap_time,fastest_lap_rank,positions_gained,is_win,is_podium,is_finished,is_dnf,cumulative_points,championship_pos,cumulative_wins,season_cumulative_points,total_stops,avg_pit_duration_s,best_pit_duration_s,qualifying_pos,best_quali_time
2024,1,Bahrain Grand Prix,2024-03-02,Bahrain,Sakhir,Bahrain International Circuit,26.0325,50.5106,max_verstappen,VER,Max Verstappen,Dutch,1,red_bull,Red Bull,1,1,26.0,1,57,Finished,210.383,1:32.608,1.0,0,True,True,True,False,26.0,1.0,1,26.0,2.0,24.636499999999998,24.209,1.0,1:29.179
2024,1,Bahrain Grand Prix,2024-03-02,Bahrain,Sakhir,Bahrain International Circuit,26.0325,50.5106,perez,PER,Sergio Pérez,Mexican,11,red_bull,Red Bull,2,2,18.0,5,57,Finished,206.468,1:34.364,4.0,3,False,True,True,False,18.0,2.0,0,18.0,2.0,24.539499999999997,24.516,5.0,1:29.537
2024,1,Bahrain Grand Prix,2024-03-02,Bahrain,Sakhir,Bahrain International Circuit,26.0325,50.5106,sainz,SAI,Carlos Sainz,Spanish,55,ferrari,Ferrari,3,3,15.0,4,57,Finished,206.156,1:34.507,6.0,1,False,True,True,False,15.0,3.0,0,15.0,2.0,24.17,23.866,4.0,1:29.507
2024,1,Bahrain Grand Prix,2024-03-02,Bahrain,Sakhir,Bahrain International Circuit,26.0325,50.5106,leclerc,LEC,Charles Leclerc,Monegasque,16,ferrari,Ferrari,4,4,12.0,2,57,Finished,207.069,1:34.090,2.0,-2,False,False,True,False,12.0,4.0,0,12.0,2.0,24.1025,24.069,2.0,1:29.407
2024,1,Bahrain Grand Prix,2024-03-02,Bahrain,Sakhir,Bahrain International Circuit,26.0325,50.5106,russell,RUS,George Russell,British,63,mercedes,Mercedes,5,5,10.0,3,57,Finished,204.946,1:35.065,12.0,-2,False,False,True,False,10.0,5.0,0,10.0,2.0,24.822,24.778,3.0,1:29.485
2024,1,Bahrain Grand Prix,2024-03-02,Bahrain,Sakhir,Bahrain International Circuit,26.0325,50.5106,norris,NOR,Lando Norris,British,4,mclaren,McLaren,6,6,8.0,7,57,Finished,,1:34.476,5.0,1,False,False,True,False,8.0,6.0,0,8.0,2.0,24.455,24.205,7.0,1:29.614
2024,1,Bahrain Grand Prix,2024-03-02,Bahrain,Sakhir,Bahrain International Circuit,26.0325,50.5106,hamilton,HAM,Lewis Hamilton,British,44,mercedes,Mercedes,7,7,6.0,9,57,Finished,205.688,1:34.722,7.0,2,False,False,True,False,6.0,7.0,0,6.0,2.0,24.5905,24.094,9.0,1:29.710
2024,1,Bahrain Grand Prix,2024-03-02,Bahrain,Sakhir,Bahrain International Circuit,26.0325,50.5106,piastri,PIA,Oscar Piastri,Australian,81,mclaren,McLaren,8,8,4.0,8,57,Finished,,1:34.983,11.0,0,False,False,True,False,4.0,8.0,0,4.0,2.0,25.151,24.852,8.0,1:29.683
2024,1,Bahrain Grand Prix,2024-03-02,Bahrain,Sakhir,Bahrain International Circuit,26.0325,50.5106,alonso,ALO,Fernando Alonso,Spanish,14,aston_martin,Aston Martin,9,9,2.0,6,57,Finished,206.83,1:34.199,3.0,-3,False,False,True,False,2.0,9.0,0,2.0,2.0,24.9475,24.786,6.0,1:29.542
2024,1,Bahrain Grand Prix,2024-03-02,Bahrain,Sakhir,Bahrain International Circuit,26.0325,50.5106,stroll,STR,Lance Stroll,Canadian,18,aston_martin,Aston Martin,10,10,1.0,12,57,Finished,203.73,1:35.632,16.0,2,False,False,True,False,1.0,10.0,0,1.0,2.0,24.4815,24.418,12.0,
2024,1,Bahrain Grand Prix,2024-03-02,Bahrain,Sakhir,Bahrain International Circuit,26.0325,50.5106,zhou,ZHO,Guanyu Zhou,Chinese,24,sauber,Sauber,11,11,0.0,17,56,Lapped,204.102,1:35.458,14.0,6,False,False,False,True,0.0,11.0,0,0.0,2.0,25.151,25.094,17.0,
2024,1,Bahrain Grand Prix,2024-03-02,Bahrain,Sakhir,Bahrain International Circuit,26.0325,50.5106,kevin_magnussen,MAG,Kevin Magnussen,Danish,20,haas,Haas F1 Team,12,12,0.0,15,56,Lapped,203.863,1:35.570,15.0,3,False,False,False,True,0.0,12.0,0,0.0,2.0,25.198500000000003,24.446,15.0,
2024,1,Bahrain Grand Prix,2024-03-02,Bahrain,Sakhir,Bahrain International Circuit,26.0325,50.5106,ricciardo,RIC,Daniel Ricciardo,Australian,3,rb,RB F1 Team,13,13,0.0,14,56,Lapped,204.735,1:35.163,13.0,1,False,False,False,True,0.0,13.0,0,0.0,2.0,24.922,24.856,14.0,
2024,1,Bahrain Grand Prix,2024-03-02,Bahrain,Sakhir,Bahrain International Circuit,26.0325,50.5106,tsunoda,TSU,Yuki Tsunoda,Japanese,22,rb,RB F1 Team,14,14,0.0,11,56,Lapped,203.303,1:35.833,18.0,-3,False,False,False,True,0.0,14.0,0,0.0,2.0,24.524,24.324,11.0,
2024,1,Bahrain Grand Prix,2024-03-02,Bahrain,Sakhir,Bahrain International Circuit,26.0325,50.5106,albon,ALB,Alexander Albon,Thai,23,williams,Williams,15,15,0.0,13,56,Lapped,203.537,1:35.723,17.0,-2,False,False,False,True,0.0,15.0,0,0.0,2.0,24.6455,24.61,13.0,
2024,1,Bahrain Grand Prix,2024-03-02,Bahrain,Sakhir,Bahrain International Circuit,26.0325,50.5106,hulkenberg,HUL,Nico Hülkenberg,German,27,haas,Haas F1 Team,16,16,0.0,10,56,Lapped,205.445,1:34.834,10.0,-6,False,False,False,True,0.0,16.0,0,0.0,3.0,28.586333333333332,24.387,10.0,1:30.502
2024,1,Bahrain Grand Prix,2024-03-02,Bahrain,Sakhir,Bahrain International Circuit,26.0325,50.5106,ocon,OCO,Esteban Ocon,French,31,alpine,Alpine F1 Team,17,17,0.0,19,56,Lapped,202.473,1:36.226,20.0,2,False,False,False,True,0.0,17.0,0,0.0,2.0,25.011,24.877,19.0,
2024,1,Bahrain Grand Prix,2024-03-02,Bahrain,Sakhir,Bahrain International Circuit,26.0325,50.5106,gasly,GAS,Pierre Gasly,French,10,alpine,Alpine F1 Team,18,18,0.0,20,56,Lapped,205.508,1:34.805,9.0,2,False,False,False,True,0.0,18.0,0,0.0,3.0,27.227333333333334,25.24,20.0,
2024,1,Bahrain Grand Prix,2024-03-02,Bahrain,Sakhir,Bahrain International Circuit,26.0325,50.5106,bottas,BOT,Valtteri Bottas,Finnish,77,sauber,Sauber,19,19,0.0,16,56,Lapped,202.523,1:36.202,19.0,-3,False,False,False,True,0.0,19.0,0,0.0,1.0,26.42,26.42,16.0,
2024,1,Bahrain Grand Prix,2024-03-02,Bahrain,Sakhir,Bahrain International Circuit,26.0325,50.5106,sargeant,SAR,Logan Sargeant,American,2,williams,Williams,20,20,0.0,18,55,Lapped,205.659,1:34.735,8.0,-2,False,False,False,True,0.0,20.0,0,0.0,3.0,28.715,25.07,18.0,
2024,2,Saudi Arabian Grand Prix,2024-03-09,Saudi Arabia,Jeddah,Jeddah Corniche Circuit,21.6319,39.1044,max_verstappen,VER,Max Verstappen,Dutch,1,red_bull,Red Bull,1,1,25.0,1,50,Finished,242.188,1:31.773,3.0,0,True,True,True,False,51.0,1.0,2,51.0,1.0,20.607,20.607,1.0,1:27.472
2024,2,Saudi Arabian Grand Prix,2024-03-09,Saudi Arabia,Jeddah,Jeddah Corniche Circuit,21.6319,39.1044,perez,PER,Sergio Pérez,Mexican,11,red_bull,Red Bull,2,2,18.0,3,50,Finished,240.876,1:32.273,8.0,1,False,True,True,False,36.0,2.0,0,36.0,1.0,22.196,22.196,3.0,1:27.807
2024,2,Saudi Arabian Grand Prix,2024-03-09,Saudi Arabia,Jeddah,Jeddah Corniche Circuit,21.6319,39.1044,leclerc,LEC,Charles Leclerc,Monegasque,16,ferrari,Ferrari,3,3,16.0,2,50,Finished,242.561,1:31.632,1.0,-1,False,True,True,False,28.0,3.0,0,28.0,1.0,23.419,23.419,2.0,1:27.791
2024,2,Saudi Arabian Grand Prix,2024-03-09,Saudi Arabia,Jeddah,Jeddah Corniche Circuit,21.6319,39.1044,piastri,PIA,Oscar Piastri,Australian,81,mclaren,McLaren,4,4,12.0,5,50,Finished,,1:32.310,10.0,1,False,False,True,False,16.0,5.0,0,16.0,1.0,21.427,21.427,5.0,1:28.089
2024,2,Saudi Arabian Grand Prix,2024-03-09,Saudi Arabia,Jeddah,Jeddah Corniche Circuit,21.6319,39.1044,alonso,ALO,Fernando Alonso,Spanish,14,aston_martin,Aston Martin,5,5,10.0,4,50,Finished,240.579,1:32.387,13.0,-1,False,False,True,False,12.0,7.0,0,12.0,1.0,22.129,22.129,4.0,1:27.846
2024,2,Saudi Arabian Grand Prix,2024-03-09,Saudi Arabia,Jeddah,Jeddah Corniche Circuit,21.6319,39.1044,russell,RUS,George Russell,British,63,mercedes,Mercedes,6,6,8.0,7,50,Finished,240.926,1:32.254,7.0,1,False,False,True,False,18.0,4.0,0,18.0,1.0,21.013,21.013,7.0,1:28.316
2024,2,Saudi Arabian Grand Prix,2024-03-09,Saudi Arabia,Jeddah,Jeddah Corniche Circuit,21.6319,39.1044,bearman,BEA,Oliver Bearman,British,38,ferrari,Ferrari,7,7,6.0,11,50,Finished,241.103,1:32.186,5.0,4,False,False,True,False,6.0,10.0,0,6.0,1.0,22.457,22.457,11.0,
2024,2,Saudi Arabian Grand Prix,2024-03-09,Saudi Arabia,Jeddah,Jeddah Corniche Circuit,21.6319,39.1044,norris,NOR,Lando Norris,British,4,mclaren,McLaren,8,8,4.0,6,50,Finished,,1:31.944,4.0,-2,False,False,True,False,12.0,8.0,0,12.0,1.0,22.211,22.211,6.0,1:28.132
2024,2,Saudi Arabian Grand Prix,2024-03-09,Saudi Arabia,Jeddah,Jeddah Corniche Circuit,21.6319,39.1044,hamilton,HAM,Lewis Hamilton,British,44,mercedes,Mercedes,9,9,2.0,8,50,Finished,242.26,1:31.746,2.0,-1,False,False,True,False,8.0,9.0,0,8.0,1.0,20.17,20.17,8.0,1:28.460
2024,2,Saudi Arabian Grand Prix,2024-03-09,Saudi Arabia,Jeddah,Jeddah Corniche Circuit,21.6319,39.1044,hulkenberg,HUL,Nico Hülkenberg,German,27,haas,Haas F1 Team,10,10,1.0,15,50,Finished,240.633,1:32.366,12.0,5,False,False,True,False,1.0,11.0,0,1.0,1.0,21.035,21.035,15.0,
2024,2,Saudi Arabian Grand Prix,2024-03-09,Saudi Arabia,Jeddah,Jeddah Corniche Circuit,21.6319,39.1044,albon,ALB,Alexander Albon,Thai,23,williams,Williams,11,11,0.0,12,50,Finished,240.787,1:32.307,9.0,1,False,False,True,False,0.0,13.0,0,0.0,1.0,21.723,21.723,12.0,
2024,2,Saudi Arabian Grand Prix,2024-03-09,Saudi Arabia,Jeddah,Jeddah Corniche Circuit,21.6319,39.1044,kevin_magnussen,MAG,Kevin Magnussen,Danish,20,haas,Haas F1 Team,12,12,0.0,13,50,Finished,240.706,1:32.338,11.0,1,False,False,True,False,0.0,15.0,0,0.0,1.0,21.46,21.46,13.0,
2024,2,Saudi Arabian Grand Prix,2024-03-09,Saudi Arabia,Jeddah,Jeddah Corniche Circuit,21.6319,39.1044,ocon,OCO,Esteban Ocon,French,31,alpine,Alpine F1 Team,13,13,0.0,17,49,Lapped,237.763,1:33.481,17.0,4,False,False,False,True,0.0,17.0,0,0.0,1.0,22.502,22.502,17.0,
2024,2,Saudi Arabian Grand Prix,2024-03-09,Saudi Arabia,Jeddah,Jeddah Corniche Circuit,21.6319,39.1044,sargeant,SAR,Logan Sargeant,American,2,williams,Williams,14,14,0.0,19,49,Lapped,,1:33.026,15.0,5,False,False,False,True,0.0,19.0,0,0.0,1.0,23.645,23.645,19.0,
2024,2,Saudi Arabian Grand Prix,2024-03-09,Saudi Arabia,Jeddah,Jeddah Corniche Circuit,21.6319,39.1044,tsunoda,TSU,Yuki Tsunoda,Japanese,22,rb,RB F1 Team,15,15,0.0,9,49,Lapped,,1:33.523,18.0,-6,False,False,False,True,0.0,18.0,0,0.0,1.0,21.694,21.694,9.0,1:28.547
2024,2,Saudi Arabian Grand Prix,2024-03-09,Saudi Arabia,Jeddah,Jeddah Corniche Circuit,21.6319,39.1044,ricciardo,RIC,Daniel Ricciardo,Australian,3,rb,RB F1 Team,16,16,0.0,14,49,Lapped,238.166,1:33.323,16.0,-2,False,False,False,True,0.0,16.0,0,0.0,,,,14.0,
2024,2,Saudi Arabian Grand Prix,2024-03-09,Saudi Arabia,Jeddah,Jeddah Corniche Circuit,21.6319,39.1044,bottas,BOT,Valtteri Bottas,Finnish,77,sauber,Sauber,17,17,0.0,16,49,Lapped,239.751,1:32.706,14.0,-1,False,False,False,True,0.0,20.0,0,0.0,2.0,23.038,22.795,16.0,
2024,2,Saudi Arabian Grand Prix,2024-03-09,Saudi Arabia,Jeddah,Jeddah Corniche Circuit,21.6319,39.1044,zhou,ZHO,Guanyu Zhou,Chinese,24,sauber,Sauber,18,18,0.0,20,49,Lapped,241.046,1:32.208,6.0,2,False,False,False,True,0.0,14.0,0,0.0,1.0,46.381,46.381,20.0,
2024,2,Saudi Arabian Grand Prix,2024-03-09,Saudi Arabia,Jeddah,Jeddah Corniche Circuit,21.6319,39.1044,stroll,STR,Lance Stroll,Canadian,18,aston_martin,Aston Martin,19,R,0.0,10,5,Retired,232.591,1:35.560,19.0,-9,False,False,False,True,1.0,12.0,0,1.0,,,,10.0,1:28.572
2024,2,Saudi Arabian Grand Prix,2024-03-09,Saudi Arabia,Jeddah,Jeddah Corniche Circuit,21.6319,39.1044,gasly,GAS,Pierre Gasly,French,10,alpine,Alpine F1 Team,20,R,0.0,18,1,Retired,,,,-2,False,False,False,True,0.0,21.0,0,0.0,,,,18.0,
2024,3,Australian Grand Prix,2024-03-24,Australia,Melbourne,Albert Park Grand Prix Circuit,-37.8497,144.968,sainz,SAI,Carlos Sainz,Spanish,55,ferrari,Ferrari,1,1,25.0,2,58,Finished,237.418,1:20.031,3.0,1,True,True,True,False,40.0,4.0,1,40.0,2.0,17.6695,17.599,2.0,1:16.185
2024,3,Australian Grand Prix,2024-03-24,Australia,Melbourne,Albert Park Grand Prix Circuit,-37.8497,144.968,leclerc,LEC,Charles Leclerc,Monegasque,16,ferrari,Ferrari,2,2,19.0,4,58,Finished,238.066,1:19.813,1.0,2,False,True,True,False,47.0,2.0,0,47.0,2.0,17.3585,17.308,5.0,1:16.435
2024,3,Australian Grand Prix,2024-03-24,Australia,Melbourne,Albert Park Grand Prix Circuit,-37.8497,144.968,norris,NOR,Lando Norris,British,4,mclaren,McLaren,3,3,15.0,3,58,Finished,,1:19.915,2.0,0,False,True,True,False,27.0,6.0,0,27.0,2.0,17.7145,17.653,4.0,1:16.315
2024,3,Australian Grand Prix,2024-03-24,Australia,Melbourne,Albert Park Grand Prix Circuit,-37.8497,144.968,piastri,PIA,Oscar Piastri,Australian,81,mclaren,McLaren,4,4,12.0,5,58,Finished,,1:20.199,4.0,1,False,False,True,False,28.0,5.0,0,28.0,2.0,18.053,17.573,6.0,1:16.572
2024,3,Australian Grand Prix,2024-03-24,Australia,Melbourne,Albert Park Grand Prix Circuit,-37.8497,144.968,perez,PER,Sergio Pérez,Mexican,11,red_bull,Red Bull,5,5,10.0,6,58,Finished,236.363,1:20.388,6.0,1,False,False,True,False,46.0,3.0,0,46.0,2.0,17.667,17.222,3.0,1:16.274
2024,3,Australian Grand Prix,2024-03-24,Australia,Melbourne,Albert Park Grand Prix Circuit,-37.8497,144.968,stroll,STR,Lance Stroll,Canadian,18,aston_martin,Aston Martin,6,6,8.0,9,58,Finished,234.78,1:20.930,8.0,3,False,False,True,False,9.0,9.0,0,9.0,2.0,17.939,17.901,9.0,1:17.072
2024,3,Australian Grand Prix,2024-03-24,Australia,Melbourne,Albert Park Grand Prix Circuit,-37.8497,144.968,tsunoda,TSU,Yuki Tsunoda,Japanese,22,rb,RB F1 Team,7,7,6.0,8,58,Finished,234.19,1:21.134,11.0,1,False,False,True,False,6.0,11.0,0,6.0,2.0,18.029,17.535,8.0,1:16.788
2024,3,Australian Grand Prix,2024-03-24,Australia,Melbourne,Albert Park Grand Prix Circuit,-37.8497,144.968,alonso,ALO,Fernando Alonso,Spanish,14,aston_martin,Aston Martin,8,8,4.0,10,58,Finished,236.055,1:20.493,7.0,2,False,False,True,False,16.0,8.0,0,16.0,2.0,18.0775,17.995,10.0,1:17.552
2024,3,Australian Grand Prix,2024-03-24,Australia,Melbourne,Albert Park Grand Prix Circuit,-37.8497,144.968,hulkenberg,HUL,Nico Hülkenberg,German,27,haas,Haas F1 Team,9,9,2.0,16,58,Finished,234.158,1:21.145,12.0,7,False,False,True,False,3.0,13.0,0,3.0,2.0,18.2325,18.145,16.0,
2024,3,Australian Grand Prix,2024-03-24,Australia,Melbourne,Albert Park Grand Prix Circuit,-37.8497,144.968,kevin_magnussen,MAG,Kevin Magnussen,Danish,20,haas,Haas F1 Team,10,10,1.0,14,57,Lapped,234.34,1:21.082,9.0,4,False,False,False,True,1.0,14.0,0,1.0,2.0,18.226,18.151,14.0,
2024,3,Australian Grand Prix,2024-03-24,Australia,Melbourne,Albert Park Grand Prix Circuit,-37.8497,144.968,albon,ALB,Alexander Albon,Thai,23,williams,Williams,11,11,0.0,12,57,Lapped,232.801,1:21.618,17.0,1,False,False,False,True,0.0,15.0,0,0.0,2.0,17.75,17.745,12.0,
2024,3,Australian Grand Prix,2024-03-24,Australia,Melbourne,Albert Park Grand Prix Circuit,-37.8497,144.968,ricciardo,RIC,Daniel Ricciardo,Australian,3,rb,RB F1 Team,12,12,0.0,18,57,Lapped,233.887,1:21.239,13.0,6,False,False,False,True,0.0,17.0,0,0.0,2.0,18.008000000000003,17.751,18.0,
2024,3,Australian Grand Prix,2024-03-24,Australia,Melbourne,Albert Park Grand Prix Circuit,-37.8497,144.968,gasly,GAS,Pierre Gasly,French,10,alpine,Alpine F1 Team,13,13,0.0,17,57,Lapped,234.317,1:21.090,10.0,4,False,False,False,True,0.0,19.0,0,0.0,2.0,18.999,17.682,17.0,
2024,3,Australian Grand Prix,2024-03-24,Australia,Melbourne,Albert Park Grand Prix Circuit,-37.8497,144.968,bottas,BOT,Valtteri Bottas,Finnish,77,sauber,Sauber,14,14,0.0,13,57,Lapped,233.361,1:21.422,16.0,-1,False,False,False,True,0.0,20.0,0,0.0,2.0,32.9535,18.938,13.0,
2024,3,Australian Grand Prix,2024-03-24,Australia,Melbourne,Albert Park Grand Prix Circuit,-37.8497,144.968,zhou,ZHO,Guanyu Zhou,Chinese,24,sauber,Sauber,15,15,0.0,19,57,Lapped,233.634,1:21.327,14.0,4,False,False,False,True,0.0,16.0,0,0.0,2.0,27.948999999999998,19.032,19.0,
2024,3,Australian Grand Prix,2024-03-24,Australia,Melbourne,Albert Park Grand Prix Circuit,-37.8497,144.968,ocon,OCO,Esteban Ocon,French,31,alpine,Alpine F1 Team,16,16,0.0,15,57,Lapped,233.557,1:21.354,15.0,-1,False,False,False,True,0.0,18.0,0,0.0,3.0,22.30666666666667,18.007,15.0,
2024,3,Australian Grand Prix,2024-03-24,Australia,Melbourne,Albert Park Grand Prix Circuit,-37.8497,144.968,russell,RUS,George Russell,British,63,mercedes,Mercedes,17,17,0.0,7,56,Retired,236.669,1:20.284,5.0,-10,False,False,False,True,18.0,7.0,0,18.0,2.0,18.005,17.964,7.0,1:16.724
2024,3,Australian Grand Prix,2024-03-24,Australia,Melbourne,Albert Park Grand Prix Circuit,-37.8497,144.968,hamilton,HAM,Lewis Hamilton,British,44,mercedes,Mercedes,18,R,0.0,11,15,Retired,230.469,1:22.444,18.0,-7,False,False,False,True,8.0,10.0,0,8.0,1.0,17.596,17.596,11.0,
2024,3,Australian Grand Prix,2024-03-24,Australia,Melbourne,Albert Park Grand Prix Circuit,-37.8497,144.968,max_verstappen,VER,Max Verstappen,Dutch,1,red_bull,Red Bull,19,R,0.0,1,3,Retired,228.608,1:23.115,19.0,-18,False,False,False,True,51.0,1.0,2,51.0,,,,1.0,1:15.915
2024,4,Japanese Grand Prix,2024-04-07,Japan,Suzuka,Suzuka Circuit,34.8431,136.541,max_verstappen,VER,Max Verstappen,Dutch,1,red_bull,Red Bull,1,1,26.0,1,53,Finished,223.093,1:33.706,1.0,0,True,True,True,False,77.0,1.0,3,77.0,2.0,23.2055,23.177,1.0,1:28.197
2024,4,Japanese Grand Prix,2024-04-07,Japan,Suzuka,Suzuka Circuit,34.8431,136.541,perez,PER,Sergio Pérez,Mexican,11,red_bull,Red Bull,2,2,18.0,2,53,Finished,222.525,1:33.945,3.0,0,False,True,True,False,64.0,2.0,0,64.0,2.0,22.973,22.956,2.0,1:28.263
2024,4,Japanese Grand Prix,2024-04-07,Japan,Suzuka,Suzuka Circuit,34.8431,136.541,sainz,SAI,Carlos Sainz,Spanish,55,ferrari,Ferrari,3,3,15.0,4,53,Finished,222.772,1:33.841,2.0,1,False,True,True,False,55.0,4.0,1,55.0,2.0,23.363500000000002,23.136,4.0,1:28.682
2024,4,Japanese Grand Prix,2024-04-07,Japan,Suzuka,Suzuka Circuit,34.8431,136.541,leclerc,LEC,Charles Leclerc,Monegasque,16,ferrari,Ferrari,4,4,12.0,8,53,Finished,219.952,1:35.044,9.0,4,False,False,True,False,59.0,3.0,0,59.0,1.0,23.285,23.285,8.0,1:28.786
2024,4,Japanese Grand Prix,2024-04-07,Japan,Suzuka,Suzuka Circuit,34.8431,136.541,norris,NOR,Lando Norris,British,4,mclaren,McLaren,5,5,10.0,3,53,Finished,,1:35.186,10.0,-2,False,False,True,False,37.0,5.0,0,37.0,2.0,23.1405,23.049,3.0,1:28.489
2024,4,Japanese Grand Prix,2024-04-07,Japan,Suzuka,Suzuka Circuit,34.8431,136.541,alonso,ALO,Fernando Alonso,Spanish,14,aston_martin,Aston Martin,6,6,8.0,5,53,Finished,220.691,1:34.726,6.0,-1,False,False,True,False,24.0,8.0,0,24.0,2.0,23.0775,22.998,5.0,1:28.686
2024,4,Japanese Grand Prix,2024-04-07,Japan,Suzuka,Suzuka Circuit,34.8431,136.541,russell,RUS,George Russell,British,63,mercedes,Mercedes,7,7,6.0,9,53,Finished,221.444,1:34.404,5.0,2,False,False,True,False,24.0,7.0,0,24.0,2.0,23.284,22.991,9.0,1:29.008
2024,4,Japanese Grand Prix,2024-04-07,Japan,Suzuka,Suzuka Circuit,34.8431,136.541,piastri,PIA,Oscar Piastri,Australian,81,mclaren,McLaren,8,8,4.0,6,53,Finished,,1:34.802,7.0,-2,False,False,True,False,32.0,6.0,0,32.0,2.0,23.134,22.848,6.0,1:28.760
2024,4,Japanese Grand Prix,2024-04-07,Japan,Suzuka,Suzuka Circuit,34.8431,136.541,hamilton,HAM,Lewis Hamilton,British,44,mercedes,Mercedes,9,9,2.0,7,53,Finished,222.509,1:33.952,4.0,-2,False,False,True,False,10.0,9.0,0,10.0,2.0,23.6445,23.333,7.0,1:28.766
2024,4,Japanese Grand Prix,2024-04-07,Japan,Suzuka,Suzuka Circuit,34.8431,136.541,tsunoda,TSU,Yuki Tsunoda,Japanese,22,rb,RB F1 Team,10,10,1.0,10,52,Lapped,216.989,1:36.342,14.0,0,False,False,False,True,7.0,11.0,0,7.0,2.0,23.422,23.358,10.0,1:29.413
2024,4,Japanese Grand Prix,2024-04-07,Japan,Suzuka,Suzuka Circuit,34.8431,136.541,hulkenberg,HUL,Nico Hülkenberg,German,27,haas,Haas F1 Team,11,11,0.0,12,52,Lapped,219.304,1:35.325,11.0,1,False,False,False,True,3.0,13.0,0,3.0,2.0,23.807499999999997,23.622,12.0,
2024,4,Japanese Grand Prix,2024-04-07,Japan,Suzuka,Suzuka Circuit,34.8431,136.541,stroll,STR,Lance Stroll,Canadian,18,aston_martin,Aston Martin,12,12,0.0,16,52,Lapped,218.221,1:35.798,12.0,4,False,False,False,True,9.0,10.0,0,9.0,3.0,23.169,22.911,16.0,
2024,4,Japanese Grand Prix,2024-04-07,Japan,Suzuka,Suzuka Circuit,34.8431,136.541,kevin_magnussen,MAG,Kevin Magnussen,Danish,20,haas,Haas F1 Team,13,13,0.0,18,52,Lapped,216.289,1:36.654,17.0,5,False,False,False,True,1.0,14.0,0,1.0,1.0,26.198,26.198,18.0,
2024,4,Japanese Grand Prix,2024-04-07,Japan,Suzuka,Suzuka Circuit,34.8431,136.541,bottas,BOT,Valtteri Bottas,Finnish,77,sauber,Sauber,14,14,0.0,13,52,Lapped,216.392,1:36.608,15.0,-1,False,False,False,True,0.0,20.0,0,0.0,2.0,25.385,24.824,13.0,
2024,4,Japanese Grand Prix,2024-04-07,Japan,Suzuka,Suzuka Circuit,34.8431,136.541,ocon,OCO,Esteban Ocon,French,31,alpine,Alpine F1 Team,15,15,0.0,15,52,Lapped,217.237,1:36.232,13.0,0,False,False,False,True,0.0,18.0,0,0.0,2.0,23.7875,23.394,15.0,
2024,4,Japanese Grand Prix,2024-04-07,Japan,Suzuka,Suzuka Circuit,34.8431,136.541,gasly,GAS,Pierre Gasly,French,10,alpine,Alpine F1 Team,16,16,0.0,17,52,Lapped,216.315,1:36.642,16.0,1,False,False,False,True,0.0,19.0,0,0.0,2.0,23.473,23.102,17.0,
2024,4,Japanese Grand Prix,2024-04-07,Japan,Suzuka,Suzuka Circuit,34.8431,136.541,sargeant,SAR,Logan Sargeant,American,2,williams,Williams,17,17,0.0,19,52,Lapped,220.286,1:34.900,8.0,2,False,False,False,True,0.0,21.0,0,0.0,3.0,24.34566666666667,23.287,19.0,
2024,4,Japanese Grand Prix,2024-04-07,Japan,Suzuka,Suzuka Circuit,34.8431,136.541,zhou,ZHO,Guanyu Zhou,Chinese,24,sauber,Sauber,18,R,0.0,20,12,Retired,215.162,1:37.160,18.0,2,False,False,False,True,0.0,16.0,0,0.0,2.0,25.2815,23.91,20.0,
2024,4,Japanese Grand Prix,2024-04-07,Japan,Suzuka,Suzuka Circuit,34.8431,136.541,ricciardo,RIC,Daniel Ricciardo,Australian,3,rb,RB F1 Team,19,R,0.0,11,0,Retired,,,,-8,False,False,False,True,0.0,17.0,0,0.0,,,,11.0,
2024,4,Japanese Grand Prix,2024-04-07,Japan,Suzuka,Suzuka Circuit,34.8431,136.541,albon,ALB,Alexander Albon,Thai,23,williams,Williams,20,R,0.0,14,0,Retired,,,,-6,False,False,False,True,0.0,15.0,0,0.0,,,,14.0,
2024,5,Chinese Grand Prix,2024-04-21,China,Shanghai,Shanghai International Circuit,31.3389,121.22,max_verstappen,VER,Max Verstappen,Dutch,1,red_bull,Red Bull,1,1,25.0,1,56,Finished,199.414,1:38.406,2.0,0,True,True,True,False,110.0,1.0,4,102.0,2.0,22.363,22.27,1.0,1:33.660
2024,5,Chinese Grand Prix,2024-04-21,China,Shanghai,Shanghai International Circuit,31.3389,121.22,norris,NOR,Lando Norris,British,4,mclaren,McLaren,2,2,18.0,4,56,Finished,,1:38.751,4.0,2,False,True,True,False,58.0,5.0,0,55.0,1.0,22.161,22.161,4.0,1:34.165
2024,5,Chinese Grand Prix,2024-04-21,China,Shanghai,Shanghai International Circuit,31.3389,121.22,perez,PER,Sergio Pérez,Mexican,11,red_bull,Red Bull,3,3,15.0,2,56,Finished,197.444,1:39.388,7.0,-1,False,True,True,False,85.0,2.0,0,79.0,2.0,22.198999999999998,22.027,2.0,1:33.982
2024,5,Chinese Grand Prix,2024-04-21,China,Shanghai,Shanghai International Circuit,31.3389,121.22,leclerc,LEC,Charles Leclerc,Monegasque,16,ferrari,Ferrari,4,4,12.0,6,56,Finished,197.452,1:39.384,6.0,2,False,False,True,False,76.0,3.0,0,71.0,1.0,22.36,22.36,6.0,1:34.289
2024,5,Chinese Grand Prix,2024-04-21,China,Shanghai,Shanghai International Circuit,31.3389,121.22,sainz,SAI,Carlos Sainz,Spanish,55,ferrari,Ferrari,5,5,10.0,7,56,Finished,196.7,1:39.764,10.0,2,False,False,True,False,69.0,4.0,1,65.0,1.0,22.629,22.629,7.0,1:34.297
2024,5,Chinese Grand Prix,2024-04-21,China,Shanghai,Shanghai International Circuit,31.3389,121.22,russell,RUS,George Russell,British,63,mercedes,Mercedes,6,6,8.0,8,56,Finished,196.016,1:40.112,11.0,2,False,False,True,False,33.0,7.0,0,32.0,2.0,22.561,22.415,8.0,1:34.433
2024,5,Chinese Grand Prix,2024-04-21,China,Shanghai,Shanghai International Circuit,31.3389,121.22,alonso,ALO,Fernando Alonso,Spanish,14,aston_martin,Aston Martin,7,7,7.0,3,56,Finished,200.629,1:37.810,1.0,-4,False,False,True,False,31.0,8.0,0,31.0,3.0,22.971666666666668,22.687,3.0,1:34.148
2024,5,Chinese Grand Prix,2024-04-21,China,Shanghai,Shanghai International Circuit,31.3389,121.22,piastri,PIA,Oscar Piastri,Australian,81,mclaren,McLaren,8,8,4.0,5,56,Finished,,1:39.739,9.0,-3,False,False,True,False,38.0,6.0,0,36.0,2.0,22.4675,22.262,5.0,1:34.273
2024,5,Chinese Grand Prix,2024-04-21,China,Shanghai,Shanghai International Circuit,31.3389,121.22,hamilton,HAM,Lewis Hamilton,British,44,mercedes,Mercedes,9,9,2.0,18,56,Finished,194.61,1:40.835,14.0,9,False,False,True,False,19.0,9.0,0,12.0,2.0,22.59,22.518,18.0,
2024,5,Chinese Grand Prix,2024-04-21,China,Shanghai,Shanghai International Circuit,31.3389,121.22,hulkenberg,HUL,Nico Hülkenberg,German,27,haas,Haas F1 Team,10,10,1.0,9,56,Finished,194.649,1:40.815,13.0,-1,False,False,True,False,4.0,13.0,0,4.0,2.0,23.17,23.004,9.0,1:34.604
2024,5,Chinese Grand Prix,2024-04-21,China,Shanghai,Shanghai International Circuit,31.3389,121.22,ocon,OCO,Esteban Ocon,French,31,alpine,Alpine F1 Team,11,11,0.0,13,56,Finished,194.414,1:40.937,15.0,2,False,False,True,False,0.0,16.0,0,0.0,2.0,23.182,23.156,13.0,
2024,5,Chinese Grand Prix,2024-04-21,China,Shanghai,Shanghai International Circuit,31.3389,121.22,albon,ALB,Alexander Albon,Thai,23,williams,Williams,12,12,0.0,14,56,Finished,194.697,1:40.790,12.0,2,False,False,True,False,0.0,15.0,0,0.0,2.0,23.436500000000002,23.273,14.0,
2024,5,Chinese Grand Prix,2024-04-21,China,Shanghai,Shanghai International Circuit,31.3389,121.22,gasly,GAS,Pierre Gasly,French,10,alpine,Alpine F1 Team,13,13,0.0,15,56,Finished,197.822,1:39.198,5.0,2,False,False,True,False,0.0,19.0,0,0.0,3.0,28.845,22.836,15.0,
2024,5,Chinese Grand Prix,2024-04-21,China,Shanghai,Shanghai International Circuit,31.3389,121.22,zhou,ZHO,Guanyu Zhou,Chinese,24,sauber,Sauber,14,14,0.0,16,56,Finished,198.955,1:38.633,3.0,2,False,False,True,False,0.0,17.0,0,0.0,3.0,24.074666666666662,23.252,16.0,
2024,5,Chinese Grand Prix,2024-04-21,China,Shanghai,Shanghai International Circuit,31.3389,121.22,stroll,STR,Lance Stroll,Canadian,18,aston_martin,Aston Martin,15,15,0.0,11,56,Finished,197.333,1:39.444,8.0,-4,False,False,True,False,9.0,10.0,0,9.0,3.0,27.170333333333332,22.911,11.0,
2024,5,Chinese Grand Prix,2024-04-21,China,Shanghai,Shanghai International Circuit,31.3389,121.22,kevin_magnussen,MAG,Kevin Magnussen,Danish,20,haas,Haas F1 Team,16,16,0.0,17,56,Finished,194.145,1:41.077,18.0,1,False,False,True,False,1.0,14.0,0,1.0,2.0,24.3505,22.974,17.0,
2024,5,Chinese Grand Prix,2024-04-21,China,Shanghai,Shanghai International Circuit,31.3389,121.22,sargeant,SAR,Logan Sargeant,American,2,williams,Williams,17,17,0.0,20,56,Finished,194.293,1:41.000,17.0,3,False,False,True,False,0.0,21.0,0,0.0,2.0,22.9565,22.684,20.0,
2024,5,Chinese Grand Prix,2024-04-21,China,Shanghai,Shanghai International Circuit,31.3389,121.22,ricciardo,RIC,Daniel Ricciardo,Australian,3,rb,RB F1 Team,18,R,0.0,12,33,Retired,194.304,1:40.994,16.0,-6,False,False,False,True,0.0,18.0,0,0.0,1.0,22.598,22.598,12.0,
2024,5,Chinese Grand Prix,2024-04-21,China,Shanghai,Shanghai International Circuit,31.3389,121.22,tsunoda,TSU,Yuki Tsunoda,Japanese,22,rb,RB F1 Team,19,R,0.0,19,26,Retired,193.158,1:41.593,20.0,0,False,False,False,True,7.0,11.0,0,7.0,2.0,22.7735,22.387,19.0,
2024,5,Chinese Grand Prix,2024-04-21,China,Shanghai,Shanghai International Circuit,31.3389,121.22,bottas,BOT,Valtteri Bottas,Finnish,77,sauber,Sauber,20,R,0.0,10,19,Retired,193.763,1:41.276,19.0,-10,False,False,False,True,0.0,20.0,0,0.0,1.0,22.949,22.949,10.0,1:34.665
2024,6,Miami Grand Prix,2024-05-05,USA,Miami,Miami International Autodrome,25.9581,-80.2389,norris,NOR,Lando Norris,British,4,mclaren,McLaren,1,1,25.0,5,57,Finished,214.148,1:30.980,5.0,4,True,True,True,False,83.0,4.0,1,80.0,1.0,22.041,22.041,5.0,1:27.594
2024,6,Miami Grand Prix,2024-05-05,USA,Miami,Miami International Autodrome,25.9581,-80.2389,max_verstappen,VER,Max Verstappen,Dutch,1,red_bull,Red Bull,2,2,18.0,1,57,Finished,213.488,1:31.261,8.0,-1,False,True,True,False,136.0,1.0,4,120.0,1.0,22.187,22.187,1.0,1:27.241
2024,6,Miami Grand Prix,2024-05-05,USA,Miami,Miami International Autodrome,25.9581,-80.2389,leclerc,LEC,Charles Leclerc,Monegasque,16,ferrari,Ferrari,3,3,15.0,2,57,Finished,213.903,1:31.084,6.0,-1,False,True,True,False,98.0,3.0,0,86.0,1.0,21.825,21.825,2.0,1:27.382
2024,6,Miami Grand Prix,2024-05-05,USA,Miami,Miami International Autodrome,25.9581,-80.2389,perez,PER,Sergio Pérez,Mexican,11,red_bull,Red Bull,4,4,12.0,4,57,Finished,214.442,1:30.855,3.0,0,False,False,True,False,103.0,2.0,0,91.0,2.0,22.0455,21.695,4.0,1:27.460
2024,6,Miami Grand Prix,2024-05-05,USA,Miami,Miami International Autodrome,25.9581,-80.2389,sainz,SAI,Carlos Sainz,Spanish,55,ferrari,Ferrari,5,5,10.0,3,57,Finished,214.27,1:30.928,4.0,-2,False,False,True,False,83.0,5.0,1,75.0,1.0,22.805,22.805,3.0,1:27.455
2024,6,Miami Grand Prix,2024-05-05,USA,Miami,Miami International Autodrome,25.9581,-80.2389,hamilton,HAM,Lewis Hamilton,British,44,mercedes,Mercedes,6,6,8.0,8,57,Finished,213.554,1:31.233,7.0,2,False,False,True,False,27.0,9.0,0,20.0,1.0,22.107,22.107,8.0,1:28.107
2024,6,Miami Grand Prix,2024-05-05,USA,Miami,Miami International Autodrome,25.9581,-80.2389,tsunoda,TSU,Yuki Tsunoda,Japanese,22,rb,RB F1 Team,7,7,6.0,10,57,Finished,212.508,1:31.682,10.0,3,False,False,True,False,14.0,10.0,0,13.0,1.0,22.153,22.153,10.0,1:28.192
2024,6,Miami Grand Prix,2024-05-05,USA,Miami,Miami International Autodrome,25.9581,-80.2389,russell,RUS,George Russell,British,63,mercedes,Mercedes,8,8,4.0,7,57,Finished,211.955,1:31.921,13.0,-1,False,False,True,False,37.0,7.0,0,36.0,1.0,22.8,22.8,7.0,1:28.067
2024,6,Miami Grand Prix,2024-05-05,USA,Miami,Miami International Autodrome,25.9581,-80.2389,alonso,ALO,Fernando Alonso,Spanish,14,aston_martin,Aston Martin,9,9,2.0,15,57,Finished,212.404,1:31.727,11.0,6,False,False,True,False,33.0,8.0,0,33.0,1.0,22.374,22.374,15.0,
2024,6,Miami Grand Prix,2024-05-05,USA,Miami,Miami International Autodrome,25.9581,-80.2389,ocon,OCO,Esteban Ocon,French,31,alpine,Alpine F1 Team,10,10,1.0,13,57,Finished,211.688,1:32.037,16.0,3,False,False,True,False,1.0,15.0,0,1.0,1.0,22.663,22.663,13.0,
2024,6,Miami Grand Prix,2024-05-05,USA,Miami,Miami International Autodrome,25.9581,-80.2389,hulkenberg,HUL,Nico Hülkenberg,German,27,haas,Haas F1 Team,11,11,0.0,9,57,Finished,211.909,1:31.941,14.0,-2,False,False,True,False,6.0,13.0,0,4.0,2.0,22.771,22.487,9.0,1:28.146
2024,6,Miami Grand Prix,2024-05-05,USA,Miami,Miami International Autodrome,25.9581,-80.2389,gasly,GAS,Pierre Gasly,French,10,alpine,Alpine F1 Team,12,12,0.0,12,57,Finished,211.647,1:32.055,17.0,0,False,False,True,False,0.0,19.0,0,0.0,1.0,22.466,22.466,12.0,
2024,6,Miami Grand Prix,2024-05-05,USA,Miami,Miami International Autodrome,25.9581,-80.2389,piastri,PIA,Oscar Piastri,Australian,81,mclaren,McLaren,13,13,0.0,6,57,Finished,214.965,1:30.634,1.0,-7,False,False,True,False,41.0,6.0,0,36.0,2.0,26.3125,22.216,6.0,1:27.675
2024,6,Miami Grand Prix,2024-05-05,USA,Miami,Miami International Autodrome,25.9581,-80.2389,zhou,ZHO,Guanyu Zhou,Chinese,24,sauber,Sauber,14,14,0.0,19,57,Finished,211.794,1:31.991,15.0,5,False,False,True,False,0.0,18.0,0,0.0,1.0,23.017,23.017,20.0,
2024,6,Miami Grand Prix,2024-05-05,USA,Miami,Miami International Autodrome,25.9581,-80.2389,ricciardo,RIC,Daniel Ricciardo,Australian,3,rb,RB F1 Team,15,15,0.0,20,57,Finished,211.493,1:32.122,19.0,5,False,False,True,False,5.0,14.0,0,0.0,1.0,22.54,22.54,18.0,
2024,6,Miami Grand Prix,2024-05-05,USA,Miami,Miami International Autodrome,25.9581,-80.2389,bottas,BOT,Valtteri Bottas,Finnish,77,sauber,Sauber,16,16,0.0,16,57,Finished,211.548,1:32.098,18.0,0,False,False,True,False,0.0,20.0,0,0.0,2.0,23.247500000000002,22.765,16.0,
2024,6,Miami Grand Prix,2024-05-05,USA,Miami,Miami International Autodrome,25.9581,-80.2389,stroll,STR,Lance Stroll,Canadian,18,aston_martin,Aston Martin,17,17,0.0,11,57,Finished,212.726,1:31.588,9.0,-6,False,False,True,False,9.0,11.0,0,9.0,2.0,22.8345,22.631,11.0,
2024,6,Miami Grand Prix,2024-05-05,USA,Miami,Miami International Autodrome,25.9581,-80.2389,albon,ALB,Alexander Albon,Thai,23,williams,Williams,18,18,0.0,14,57,Finished,214.456,1:30.849,2.0,-4,False,False,True,False,0.0,17.0,0,0.0,2.0,22.697499999999998,22.567,14.0,
2024,6,Miami Grand Prix,2024-05-05,USA,Miami,Miami International Autodrome,25.9581,-80.2389,kevin_magnussen,MAG,Kevin Magnussen,Danish,20,haas,Haas F1 Team,19,19,0.0,18,57,Finished,212.295,1:31.774,12.0,-1,False,False,True,False,1.0,16.0,0,1.0,3.0,27.908,23.265,19.0,
2024,6,Miami Grand Prix,2024-05-05,USA,Miami,Miami International Autodrome,25.9581,-80.2389,sargeant,SAR,Logan Sargeant,American,2,williams,Williams,20,R,0.0,17,27,Retired,208.483,1:33.452,20.0,-3,False,False,False,True,0.0,21.0,0,0.0,1.0,22.611,22.611,17.0,
2024,7,Emilia Romagna Grand Prix,2024-05-19,Italy,Imola,Autodromo Enzo e Dino Ferrari,44.3439,11.7167,max_verstappen,VER,Max Verstappen,Dutch,1,red_bull,Red Bull,1,1,25.0,1,63,Finished,219.898,1:20.366,9.0,0,True,True,True,False,161.0,1.0,5,145.0,1.0,30.416,30.416,1.0,1:14.746
2024,7,Emilia Romagna Grand Prix,2024-05-19,Italy,Imola,Autodromo Enzo e Dino Ferrari,44.3439,11.7167,norris,NOR,Lando Norris,British,4,mclaren,McLaren,2,2,18.0,2,63,Finished,220.921,1:19.994,6.0,0,False,True,True,False,101.0,4.0,1,98.0,1.0,29.956,29.956,3.0,1:14.837
2024,7,Emilia Romagna Grand Prix,2024-05-19,Italy,Imola,Autodromo Enzo e Dino Ferrari,44.3439,11.7167,leclerc,LEC,Charles Leclerc,Monegasque,16,ferrari,Ferrari,3,3,15.0,3,63,Finished,221.084,1:19.935,5.0,0,False,True,True,False,113.0,2.0,0,101.0,1.0,30.149,30.149,4.0,1:14.970
2024,7,Emilia Romagna Grand Prix,2024-05-19,Italy,Imola,Autodromo Enzo e Dino Ferrari,44.3439,11.7167,piastri,PIA,Oscar Piastri,Australian,81,mclaren,McLaren,4,4,12.0,5,63,Finished,221.162,1:19.907,4.0,1,False,False,True,False,53.0,6.0,0,48.0,1.0,29.77,29.77,2.0,1:14.820
2024,7,Emilia Romagna Grand Prix,2024-05-19,Italy,Imola,Autodromo Enzo e Dino Ferrari,44.3439,11.7167,sainz,SAI,Carlos Sainz,Spanish,55,ferrari,Ferrari,5,5,10.0,4,63,Finished,220.299,1:20.220,7.0,-1,False,False,True,False,93.0,5.0,1,85.0,1.0,30.508,30.508,5.0,1:15.233
2024,7,Emilia Romagna Grand Prix,2024-05-19,Italy,Imola,Autodromo Enzo e Dino Ferrari,44.3439,11.7167,hamilton,HAM,Lewis Hamilton,British,44,mercedes,Mercedes,6,6,8.0,8,63,Finished,219.994,1:20.331,8.0,2,False,False,True,False,35.0,8.0,0,28.0,1.0,29.547,29.547,8.0,1:15.504
2024,7,Emilia Romagna Grand Prix,2024-05-19,Italy,Imola,Autodromo Enzo e Dino Ferrari,44.3439,11.7167,russell,RUS,George Russell,British,63,mercedes,Mercedes,7,7,7.0,6,63,Finished,224.871,1:18.589,1.0,-1,False,False,True,False,44.0,7.0,0,43.0,2.0,29.634500000000003,29.605,6.0,1:15.234
2024,7,Emilia Romagna Grand Prix,2024-05-19,Italy,Imola,Autodromo Enzo e Dino Ferrari,44.3439,11.7167,perez,PER,Sergio Pérez,Mexican,11,red_bull,Red Bull,8,8,4.0,11,63,Finished,221.775,1:19.686,3.0,3,False,False,True,False,107.0,3.0,0,95.0,1.0,29.669,29.669,11.0,
2024,7,Emilia Romagna Grand Prix,2024-05-19,Italy,Imola,Autodromo Enzo e Dino Ferrari,44.3439,11.7167,stroll,STR,Lance Stroll,Canadian,18,aston_martin,Aston Martin,9,9,2.0,13,63,Finished,219.342,1:20.570,10.0,4,False,False,True,False,11.0,11.0,0,11.0,1.0,29.971,29.971,13.0,
2024,7,Emilia Romagna Grand Prix,2024-05-19,Italy,Imola,Autodromo Enzo e Dino Ferrari,44.3439,11.7167,tsunoda,TSU,Yuki Tsunoda,Japanese,22,rb,RB F1 Team,10,10,1.0,7,62,Lapped,218.35,1:20.936,11.0,-3,False,False,False,True,15.0,10.0,0,14.0,1.0,29.628,29.628,7.0,1:15.465
2024,7,Emilia Romagna Grand Prix,2024-05-19,Italy,Imola,Autodromo Enzo e Dino Ferrari,44.3439,11.7167,hulkenberg,HUL,Nico Hülkenberg,German,27,haas,Haas F1 Team,11,11,0.0,10,62,Lapped,216.308,1:21.700,20.0,-1,False,False,False,True,6.0,13.0,0,4.0,1.0,29.749,29.749,10.0,1:15.980
2024,7,Emilia Romagna Grand Prix,2024-05-19,Italy,Imola,Autodromo Enzo e Dino Ferrari,44.3439,11.7167,kevin_magnussen,MAG,Kevin Magnussen,Danish,20,haas,Haas F1 Team,12,12,0.0,18,62,Lapped,218.153,1:21.009,12.0,6,False,False,False,True,1.0,16.0,0,1.0,1.0,31.302,31.302,18.0,
2024,7,Emilia Romagna Grand Prix,2024-05-19,Italy,Imola,Autodromo Enzo e Dino Ferrari,44.3439,11.7167,ricciardo,RIC,Daniel Ricciardo,Australian,3,rb,RB F1 Team,13,13,0.0,9,62,Lapped,216.655,1:21.569,19.0,-4,False,False,False,True,5.0,14.0,0,0.0,1.0,30.068,30.068,9.0,1:15.674
2024,7,Emilia Romagna Grand Prix,2024-05-19,Italy,Imola,Autodromo Enzo e Dino Ferrari,44.3439,11.7167,ocon,OCO,Esteban Ocon,French,31,alpine,Alpine F1 Team,14,14,0.0,12,62,Lapped,217.361,1:21.304,16.0,-2,False,False,False,True,1.0,15.0,0,1.0,1.0,30.659,30.659,12.0,
2024,7,Emilia Romagna Grand Prix,2024-05-19,Italy,Imola,Autodromo Enzo e Dino Ferrari,44.3439,11.7167,zhou,ZHO,Guanyu Zhou,Chinese,24,sauber,Sauber,15,15,0.0,17,62,Lapped,218.134,1:21.016,13.0,2,False,False,False,True,0.0,18.0,0,0.0,1.0,30.244,30.244,17.0,
2024,7,Emilia Romagna Grand Prix,2024-05-19,Italy,Imola,Autodromo Enzo e Dino Ferrari,44.3439,11.7167,gasly,GAS,Pierre Gasly,French,10,alpine,Alpine F1 Team,16,16,0.0,15,62,Lapped,217.183,1:21.371,17.0,-1,False,False,False,True,0.0,19.0,0,0.0,2.0,30.3675,30.081,15.0,
2024,7,Emilia Romagna Grand Prix,2024-05-19,Italy,Imola,Autodromo Enzo e Dino Ferrari,44.3439,11.7167,sargeant,SAR,Logan Sargeant,American,2,williams,Williams,17,17,0.0,19,62,Lapped,217.562,1:21.229,14.0,2,False,False,False,True,0.0,21.0,0,0.0,1.0,31.085,31.085,20.0,
2024,7,Emilia Romagna Grand Prix,2024-05-19,Italy,Imola,Autodromo Enzo e Dino Ferrari,44.3439,11.7167,bottas,BOT,Valtteri Bottas,Finnish,77,sauber,Sauber,18,18,0.0,16,62,Lapped,216.959,1:21.455,18.0,-2,False,False,False,True,0.0,20.0,0,0.0,1.0,30.24,30.24,16.0,
2024,7,Emilia Romagna Grand Prix,2024-05-19,Italy,Imola,Autodromo Enzo e Dino Ferrari,44.3439,11.7167,alonso,ALO,Fernando Alonso,Spanish,14,aston_martin,Aston Martin,19,19,0.0,20,62,Lapped,223.689,1:19.004,2.0,1,False,False,False,True,33.0,9.0,0,33.0,3.0,30.593999999999998,29.931,19.0,
2024,7,Emilia Romagna Grand Prix,2024-05-19,Italy,Imola,Autodromo Enzo e Dino Ferrari,44.3439,11.7167,albon,ALB,Alexander Albon,Thai,23,williams,Williams,20,R,0.0,14,51,Retired,217.442,1:21.274,15.0,-6,False,False,False,True,0.0,17.0,0,0.0,4.0,33.19325,30.05,14.0,
2024,8,Monaco Grand Prix,2024-05-26,Monaco,Monte Carlo,Circuit de Monaco,43.7347,7.42056,leclerc,LEC,Charles Leclerc,Monegasque,16,ferrari,Ferrari,1,1,25.0,1,78,Finished,,1:15.162,6.0,0,True,True,True,False,138.0,2.0,1,126.0,,,,1.0,1:10.270
2024,8,Monaco Grand Prix,2024-05-26,Monaco,Monte Carlo,Circuit de Monaco,43.7347,7.42056,piastri,PIA,Oscar Piastri,Australian,81,mclaren,McLaren,2,2,18.0,2,78,Finished,,1:16.281,11.0,0,False,True,True,False,71.0,6.0,0,66.0,,,,2.0,1:10.424
2024,8,Monaco Grand Prix,2024-05-26,Monaco,Monte Carlo,Circuit de Monaco,43.7347,7.42056,sainz,SAI,Carlos Sainz,Spanish,55,ferrari,Ferrari,3,3,15.0,3,78,Finished,,1:14.726,5.0,0,False,True,True,False,108.0,4.0,1,100.0,,,,3.0,1:10.518
2024,8,Monaco Grand Prix,2024-05-26,Monaco,Monte Carlo,Circuit de Monaco,43.7347,7.42056,norris,NOR,Lando Norris,British,4,mclaren,McLaren,4,4,12.0,4,78,Finished,,1:15.742,10.0,0,False,False,True,False,113.0,3.0,1,110.0,,,,4.0,1:10.542
2024,8,Monaco Grand Prix,2024-05-26,Monaco,Monte Carlo,Circuit de Monaco,43.7347,7.42056,russell,RUS,George Russell,British,63,mercedes,Mercedes,5,5,10.0,5,78,Finished,,1:15.228,7.0,0,False,False,True,False,54.0,7.0,0,53.0,,,,5.0,1:10.543
2024,8,Monaco Grand Prix,2024-05-26,Monaco,Monte Carlo,Circuit de Monaco,43.7347,7.42056,max_verstappen,VER,Max Verstappen,Dutch,1,red_bull,Red Bull,6,6,8.0,6,78,Finished,,1:14.569,2.0,0,False,False,True,False,169.0,1.0,5,153.0,1.0,23.813,23.813,6.0,1:10.567
2024,8,Monaco Grand Prix,2024-05-26,Monaco,Monte Carlo,Circuit de Monaco,43.7347,7.42056,hamilton,HAM,Lewis Hamilton,British,44,mercedes,Mercedes,7,7,7.0,7,78,Finished,,1:14.165,1.0,0,False,False,True,False,42.0,8.0,0,35.0,1.0,24.232,24.232,7.0,1:10.621
2024,8,Monaco Grand Prix,2024-05-26,Monaco,Monte Carlo,Circuit de Monaco,43.7347,7.42056,tsunoda,TSU,Yuki Tsunoda,Japanese,22,rb,RB F1 Team,8,8,4.0,8,77,Lapped,,1:14.720,4.0,0,False,False,False,True,19.0,10.0,0,18.0,,,,8.0,1:10.858
2024,8,Monaco Grand Prix,2024-05-26,Monaco,Monte Carlo,Circuit de Monaco,43.7347,7.42056,albon,ALB,Alexander Albon,Thai,23,williams,Williams,9,9,2.0,9,77,Lapped,,1:17.060,14.0,0,False,False,False,True,2.0,15.0,0,2.0,,,,9.0,1:10.948
2024,8,Monaco Grand Prix,2024-05-26,Monaco,Monte Carlo,Circuit de Monaco,43.7347,7.42056,gasly,GAS,Pierre Gasly,French,10,alpine,Alpine F1 Team,10,10,1.0,10,77,Lapped,,1:15.625,9.0,0,False,False,False,True,1.0,18.0,0,1.0,,,,10.0,1:11.311
2024,8,Monaco Grand Prix,2024-05-26,Monaco,Monte Carlo,Circuit de Monaco,43.7347,7.42056,alonso,ALO,Fernando Alonso,Spanish,14,aston_martin,Aston Martin,11,11,0.0,14,76,Lapped,,1:17.939,16.0,3,False,False,False,True,33.0,9.0,0,33.0,,,,14.0,
2024,8,Monaco Grand Prix,2024-05-26,Monaco,Monte Carlo,Circuit de Monaco,43.7347,7.42056,ricciardo,RIC,Daniel Ricciardo,Australian,3,rb,RB F1 Team,12,12,0.0,12,76,Lapped,,1:17.172,15.0,0,False,False,False,True,5.0,14.0,0,0.0,,,,12.0,
2024,8,Monaco Grand Prix,2024-05-26,Monaco,Monte Carlo,Circuit de Monaco,43.7347,7.42056,bottas,BOT,Valtteri Bottas,Finnish,77,sauber,Sauber,13,13,0.0,17,76,Lapped,,1:16.561,12.0,4,False,False,False,True,0.0,20.0,0,0.0,1.0,24.239,24.239,17.0,
2024,8,Monaco Grand Prix,2024-05-26,Monaco,Monte Carlo,Circuit de Monaco,43.7347,7.42056,stroll,STR,Lance Stroll,Canadian,18,aston_martin,Aston Martin,14,14,0.0,13,76,Lapped,,1:16.710,13.0,-1,False,False,False,True,11.0,11.0,0,11.0,2.0,26.1715,24.132,13.0,
2024,8,Monaco Grand Prix,2024-05-26,Monaco,Monte Carlo,Circuit de Monaco,43.7347,7.42056,sargeant,SAR,Logan Sargeant,American,2,williams,Williams,15,15,0.0,15,76,Lapped,,1:15.525,8.0,0,False,False,False,True,0.0,21.0,0,0.0,1.0,24.384,24.384,15.0,
2024,8,Monaco Grand Prix,2024-05-26,Monaco,Monte Carlo,Circuit de Monaco,43.7347,7.42056,zhou,ZHO,Guanyu Zhou,Chinese,24,sauber,Sauber,16,16,0.0,18,76,Lapped,,1:14.718,3.0,2,False,False,False,True,0.0,19.0,0,0.0,1.0,24.367,24.367,18.0,
2024,8,Monaco Grand Prix,2024-05-26,Monaco,Monte Carlo,Circuit de Monaco,43.7347,7.42056,ocon,OCO,Esteban Ocon,French,31,alpine,Alpine F1 Team,17,R,0.0,11,0,Retired,,,,-6,False,False,False,True,1.0,16.0,0,1.0,,,,11.0,
2024,8,Monaco Grand Prix,2024-05-26,Monaco,Monte Carlo,Circuit de Monaco,43.7347,7.42056,perez,PER,Sergio Pérez,Mexican,11,red_bull,Red Bull,18,R,0.0,16,0,Retired,,,,-2,False,False,False,True,107.0,5.0,0,95.0,,,,16.0,
2024,8,Monaco Grand Prix,2024-05-26,Monaco,Monte Carlo,Circuit de Monaco,43.7347,7.42056,hulkenberg,HUL,Nico Hülkenberg,German,27,haas,Haas F1 Team,19,R,0.0,19,0,Retired,,,,0,False,False,False,True,6.0,13.0,0,4.0,,,,14.0,
2024,8,Monaco Grand Prix,2024-05-26,Monaco,Monte Carlo,Circuit de Monaco,43.7347,7.42056,kevin_magnussen,MAG,Kevin Magnussen,Danish,20,haas,Haas F1 Team,20,R,0.0,20,0,Retired,,,,0,False,False,False,True,1.0,17.0,0,1.0,,,,15.0,
2024,9,Canadian Grand Prix,2024-06-09,Canada,Montreal,Circuit Gilles Villeneuve,45.5,-73.5228,max_verstappen,VER,Max Verstappen,Dutch,1,red_bull,Red Bull,1,1,25.0,2,70,Finished,207.751,1:15.569,4.0,1,True,True,True,False,194.0,1.0,6,178.0,2.0,24.276,24.246,2.0,1:12.000
2024,9,Canadian Grand Prix,2024-06-09,Canada,Montreal,Circuit Gilles Villeneuve,45.5,-73.5228,norris,NOR,Lando Norris,British,4,mclaren,McLaren,2,2,18.0,3,70,Finished,207.782,1:15.558,3.0,1,False,True,True,False,131.0,3.0,1,128.0,2.0,23.703,23.423,3.0,1:12.021
2024,9,Canadian Grand Prix,2024-06-09,Canada,Montreal,Circuit Gilles Villeneuve,45.5,-73.5228,russell,RUS,George Russell,British,63,mercedes,Mercedes,3,3,15.0,1,70,Finished,209.621,1:14.895,2.0,-2,False,True,True,False,69.0,7.0,0,68.0,3.0,25.877333333333336,24.044,1.0,1:12.000
2024,9,Canadian Grand Prix,2024-06-09,Canada,Montreal,Circuit Gilles Villeneuve,45.5,-73.5228,hamilton,HAM,Lewis Hamilton,British,44,mercedes,Mercedes,4,4,13.0,7,70,Finished,209.73,1:14.856,1.0,3,False,False,True,False,55.0,8.0,0,48.0,3.0,25.60166666666667,23.762,7.0,1:12.280
2024,9,Canadian Grand Prix,2024-06-09,Canada,Montreal,Circuit Gilles Villeneuve,45.5,-73.5228,piastri,PIA,Oscar Piastri,Australian,81,mclaren,McLaren,5,5,10.0,4,70,Finished,205.904,1:16.247,5.0,-1,False,False,True,False,81.0,6.0,0,76.0,2.0,23.7265,23.476,4.0,1:12.103
2024,9,Canadian Grand Prix,2024-06-09,Canada,Montreal,Circuit Gilles Villeneuve,45.5,-73.5228,alonso,ALO,Fernando Alonso,Spanish,14,aston_martin,Aston Martin,6,6,8.0,6,70,Finished,205.753,1:16.303,6.0,0,False,False,True,False,41.0,9.0,0,41.0,2.0,25.067,24.346,6.0,1:12.228
2024,9,Canadian Grand Prix,2024-06-09,Canada,Montreal,Circuit Gilles Villeneuve,45.5,-73.5228,stroll,STR,Lance Stroll,Canadian,18,aston_martin,Aston Martin,7,7,6.0,9,70,Finished,204.523,1:16.762,9.0,2,False,False,True,False,17.0,11.0,0,17.0,2.0,24.6545,24.284,9.0,1:12.701
2024,9,Canadian Grand Prix,2024-06-09,Canada,Montreal,Circuit Gilles Villeneuve,45.5,-73.5228,ricciardo,RIC,Daniel Ricciardo,Australian,3,rb,RB F1 Team,8,8,4.0,5,70,Finished,203.689,1:17.076,12.0,-3,False,False,True,False,9.0,12.0,0,4.0,2.0,27.079,23.86,5.0,1:12.178
2024,9,Canadian Grand Prix,2024-06-09,Canada,Montreal,Circuit Gilles Villeneuve,45.5,-73.5228,gasly,GAS,Pierre Gasly,French,10,alpine,Alpine F1 Team,9,9,2.0,15,70,Finished,203.856,1:17.013,11.0,6,False,False,True,False,3.0,15.0,0,3.0,2.0,24.6595,24.408,15.0,
2024,9,Canadian Grand Prix,2024-06-09,Canada,Montreal,Circuit Gilles Villeneuve,45.5,-73.5228,ocon,OCO,Esteban Ocon,French,31,alpine,Alpine F1 Team,10,10,1.0,18,70,Finished,203.859,1:17.012,10.0,8,False,False,True,False,2.0,17.0,0,2.0,1.0,24.495,24.495,18.0,
2024,9,Canadian Grand Prix,2024-06-09,Canada,Montreal,Circuit Gilles Villeneuve,45.5,-73.5228,hulkenberg,HUL,Nico Hülkenberg,German,27,haas,Haas F1 Team,11,11,0.0,17,70,Finished,204.733,1:16.683,8.0,6,False,False,True,False,6.0,14.0,0,4.0,3.0,24.550666666666668,24.233,19.0,
2024,9,Canadian Grand Prix,2024-06-09,Canada,Montreal,Circuit Gilles Villeneuve,45.5,-73.5228,kevin_magnussen,MAG,Kevin Magnussen,Danish,20,haas,Haas F1 Team,12,12,0.0,14,70,Finished,205.226,1:16.499,7.0,2,False,False,True,False,1.0,18.0,0,1.0,4.0,27.236,24.833,14.0,
2024,9,Canadian Grand Prix,2024-06-09,Canada,Montreal,Circuit Gilles Villeneuve,45.5,-73.5228,bottas,BOT,Valtteri Bottas,Finnish,77,sauber,Sauber,13,13,0.0,19,70,Finished,203.231,1:17.250,13.0,6,False,False,True,False,0.0,20.0,0,0.0,1.0,24.929,24.929,17.0,
2024,9,Canadian Grand Prix,2024-06-09,Canada,Montreal,Circuit Gilles Villeneuve,45.5,-73.5228,tsunoda,TSU,Yuki Tsunoda,Japanese,22,rb,RB F1 Team,14,14,0.0,8,70,Finished,203.075,1:17.309,14.0,-6,False,False,True,False,19.0,10.0,0,18.0,1.0,25.569,25.569,8.0,1:12.414
2024,9,Canadian Grand Prix,2024-06-09,Canada,Montreal,Circuit Gilles Villeneuve,45.5,-73.5228,zhou,ZHO,Guanyu Zhou,Chinese,24,sauber,Sauber,15,15,0.0,20,69,Lapped,203.033,1:17.325,15.0,5,False,False,False,True,0.0,19.0,0,0.0,2.0,26.9865,25.598,20.0,
2024,9,Canadian Grand Prix,2024-06-09,Canada,Montreal,Circuit Gilles Villeneuve,45.5,-73.5228,sainz,SAI,Carlos Sainz,Spanish,55,ferrari,Ferrari,16,R,0.0,12,52,Retired,198.837,1:18.957,17.0,-4,False,False,False,True,108.0,4.0,1,100.0,2.0,25.875500000000002,24.125,12.0,
2024,9,Canadian Grand Prix,2024-06-09,Canada,Montreal,Circuit Gilles Villeneuve,45.5,-73.5228,albon,ALB,Alexander Albon,Thai,23,williams,Williams,17,R,0.0,10,52,Retired,197.83,1:19.359,18.0,-7,False,False,False,True,2.0,16.0,0,2.0,2.0,24.7785,24.753,10.0,1:12.796
2024,9,Canadian Grand Prix,2024-06-09,Canada,Montreal,Circuit Gilles Villeneuve,45.5,-73.5228,perez,PER,Sergio Pérez,Mexican,11,red_bull,Red Bull,18,R,0.0,16,51,Retired,199.185,1:18.819,16.0,-2,False,False,False,True,107.0,5.0,0,95.0,2.0,29.0925,24.423,16.0,
2024,9,Canadian Grand Prix,2024-06-09,Canada,Montreal,Circuit Gilles Villeneuve,45.5,-73.5228,leclerc,LEC,Charles Leclerc,Monegasque,16,ferrari,Ferrari,19,R,0.0,11,40,Retired,182.528,1:26.012,19.0,-8,False,False,False,True,138.0,2.0,1,126.0,3.0,31.948666666666668,24.031,11.0,
2024,9,Canadian Grand Prix,2024-06-09,Canada,Montreal,Circuit Gilles Villeneuve,45.5,-73.5228,sargeant,SAR,Logan Sargeant,American,2,williams,Williams,20,R,0.0,13,23,Retired,181.531,1:26.484,20.0,-7,False,False,False,True,0.0,21.0,0,0.0,,,,13.0,
2024,10,Spanish Grand Prix,2024-06-23,Spain,Barcelona,Circuit de Barcelona-Catalunya,41.57,2.26111,max_verstappen,VER,Max Verstappen,Dutch,1,red_bull,Red Bull,1,1,25.0,2,66,Finished,215.557,1:17.776,2.0,1,True,True,True,False,219.0,1.0,7,203.0,2.0,21.942,21.544,2.0,1:11.403
2024,10,Spanish Grand Prix,2024-06-23,Spain,Barcelona,Circuit de Barcelona-Catalunya,41.57,2.26111,norris,NOR,Lando Norris,British,4,mclaren,McLaren,2,2,19.0,1,66,Finished,217.405,1:17.115,1.0,-1,False,True,True,False,150.0,2.0,1,147.0,2.0,22.124499999999998,21.618,1.0,1:11.383
2024,10,Spanish Grand Prix,2024-06-23,Spain,Barcelona,Circuit de Barcelona-Catalunya,41.57,2.26111,hamilton,HAM,Lewis Hamilton,British,44,mercedes,Mercedes,3,3,15.0,3,66,Finished,215.466,1:17.809,4.0,0,False,True,True,False,70.0,8.0,0,63.0,2.0,21.7215,21.603,3.0,1:11.701
2024,10,Spanish Grand Prix,2024-06-23,Spain,Barcelona,Circuit de Barcelona-Catalunya,41.57,2.26111,russell,RUS,George Russell,British,63,mercedes,Mercedes,4,4,12.0,4,66,Finished,214.142,1:18.290,7.0,0,False,False,True,False,81.0,7.0,0,80.0,2.0,23.8615,22.7,4.0,1:11.703
2024,10,Spanish Grand Prix,2024-06-23,Spain,Barcelona,Circuit de Barcelona-Catalunya,41.57,2.26111,leclerc,LEC,Charles Leclerc,Monegasque,16,ferrari,Ferrari,5,5,10.0,5,66,Finished,215.222,1:17.897,6.0,0,False,False,True,False,148.0,3.0,1,136.0,2.0,21.942,21.624,5.0,1:11.731
2024,10,Spanish Grand Prix,2024-06-23,Spain,Barcelona,Circuit de Barcelona-Catalunya,41.57,2.26111,sainz,SAI,Carlos Sainz,Spanish,55,ferrari,Ferrari,6,6,8.0,6,66,Finished,213.463,1:18.539,9.0,0,False,False,True,False,116.0,4.0,1,108.0,2.0,22.2215,22.194,6.0,1:11.736
2024,10,Spanish Grand Prix,2024-06-23,Spain,Barcelona,Circuit de Barcelona-Catalunya,41.57,2.26111,piastri,PIA,Oscar Piastri,Australian,81,mclaren,McLaren,7,7,6.0,9,66,Finished,215.286,1:17.874,5.0,2,False,False,True,False,87.0,6.0,0,82.0,2.0,22.322000000000003,22.224,10.0,
2024,10,Spanish Grand Prix,2024-06-23,Spain,Barcelona,Circuit de Barcelona-Catalunya,41.57,2.26111,perez,PER,Sergio Pérez,Mexican,11,red_bull,Red Bull,8,8,4.0,11,66,Finished,215.532,1:17.785,3.0,3,False,False,True,False,111.0,5.0,0,99.0,3.0,21.705666666666662,21.464,8.0,1:12.061
2024,10,Spanish Grand Prix,2024-06-23,Spain,Barcelona,Circuit de Barcelona-Catalunya,41.57,2.26111,gasly,GAS,Pierre Gasly,French,10,alpine,Alpine F1 Team,9,9,2.0,7,66,Finished,212.096,1:19.045,13.0,-2,False,False,True,False,5.0,15.0,0,5.0,2.0,23.892000000000003,21.687,7.0,1:11.857
2024,10,Spanish Grand Prix,2024-06-23,Spain,Barcelona,Circuit de Barcelona-Catalunya,41.57,2.26111,ocon,OCO,Esteban Ocon,French,31,alpine,Alpine F1 Team,10,10,1.0,8,66,Finished,212.266,1:18.982,12.0,-2,False,False,True,False,3.0,16.0,0,3.0,2.0,21.877499999999998,21.834,9.0,1:12.125
2024,10,Spanish Grand Prix,2024-06-23,Spain,Barcelona,Circuit de Barcelona-Catalunya,41.57,2.26111,hulkenberg,HUL,Nico Hülkenberg,German,27,haas,Haas F1 Team,11,11,0.0,13,66,Finished,213.273,1:18.609,10.0,2,False,False,True,False,6.0,14.0,0,4.0,2.0,22.62,22.518,13.0,
2024,10,Spanish Grand Prix,2024-06-23,Spain,Barcelona,Circuit de Barcelona-Catalunya,41.57,2.26111,alonso,ALO,Fernando Alonso,Spanish,14,aston_martin,Aston Martin,12,12,0.0,10,65,Lapped,214.022,1:18.334,8.0,-2,False,False,False,True,41.0,9.0,0,41.0,2.0,22.264000000000003,21.957,11.0,
2024,10,Spanish Grand Prix,2024-06-23,Spain,Barcelona,Circuit de Barcelona-Catalunya,41.57,2.26111,zhou,ZHO,Guanyu Zhou,Chinese,24,sauber,Sauber,13,13,0.0,15,65,Lapped,212.834,1:18.771,11.0,2,False,False,False,True,0.0,19.0,0,0.0,2.0,23.387999999999998,22.523,15.0,
2024,10,Spanish Grand Prix,2024-06-23,Spain,Barcelona,Circuit de Barcelona-Catalunya,41.57,2.26111,stroll,STR,Lance Stroll,Canadian,18,aston_martin,Aston Martin,14,14,0.0,14,65,Lapped,211.366,1:19.318,15.0,0,False,False,False,True,17.0,11.0,0,17.0,2.0,22.630499999999998,21.88,14.0,
2024,10,Spanish Grand Prix,2024-06-23,Spain,Barcelona,Circuit de Barcelona-Catalunya,41.57,2.26111,ricciardo,RIC,Daniel Ricciardo,Australian,3,rb,RB F1 Team,15,15,0.0,18,65,Lapped,211.015,1:19.450,17.0,3,False,False,False,True,9.0,12.0,0,4.0,2.0,22.236,22.108,18.0,
2024,10,Spanish Grand Prix,2024-06-23,Spain,Barcelona,Circuit de Barcelona-Catalunya,41.57,2.26111,bottas,BOT,Valtteri Bottas,Finnish,77,sauber,Sauber,16,16,0.0,12,65,Lapped,210.596,1:19.608,18.0,-4,False,False,False,True,0.0,20.0,0,0.0,2.0,22.8535,22.744,12.0,
2024,10,Spanish Grand Prix,2024-06-23,Spain,Barcelona,Circuit de Barcelona-Catalunya,41.57,2.26111,kevin_magnussen,MAG,Kevin Magnussen,Danish,20,haas,Haas F1 Team,17,17,0.0,16,65,Lapped,210.077,1:19.805,19.0,-1,False,False,False,True,1.0,18.0,0,1.0,2.0,26.1635,23.36,16.0,
2024,10,Spanish Grand Prix,2024-06-23,Spain,Barcelona,Circuit de Barcelona-Catalunya,41.57,2.26111,albon,ALB,Alexander Albon,Thai,23,williams,Williams,18,18,0.0,20,65,Lapped,211.863,1:19.132,14.0,2,False,False,False,True,2.0,17.0,0,2.0,2.0,22.57,21.892,19.0,
2024,10,Spanish Grand Prix,2024-06-23,Spain,Barcelona,Circuit de Barcelona-Catalunya,41.57,2.26111,tsunoda,TSU,Yuki Tsunoda,Japanese,22,rb,RB F1 Team,19,19,0.0,17,65,Lapped,211.023,1:19.447,16.0,-2,False,False,False,True,19.0,10.0,0,18.0,3.0,22.23733333333333,22.064,17.0,
2024,10,Spanish Grand Prix,2024-06-23,Spain,Barcelona,Circuit de Barcelona-Catalunya,41.57,2.26111,sargeant,SAR,Logan Sargeant,American,2,williams,Williams,20,20,0.0,19,64,Lapped,209.115,1:20.172,20.0,-1,False,False,False,True,0.0,21.0,0,0.0,2.0,22.4535,22.401,20.0,
2024,11,Austrian Grand Prix,2024-06-30,Austria,Spielberg,Red Bull Ring,47.2197,14.7647,russell,RUS,George Russell,British,63,mercedes,Mercedes,1,1,25.0,3,71,Finished,224.752,1:09.164,5.0,2,True,True,True,False,111.0,7.0,1,105.0,2.0,21.451,21.229,3.0,1:04.840
2024,11,Austrian Grand Prix,2024-06-30,Austria,Spielberg,Red Bull Ring,47.2197,14.7647,piastri,PIA,Oscar Piastri,Australian,81,mclaren,McLaren,2,2,18.0,7,71,Finished,226.28,1:08.697,4.0,5,False,True,True,False,112.0,6.0,0,100.0,2.0,20.8765,20.775,7.0,1:05.048
2024,11,Austrian Grand Prix,2024-06-30,Austria,Spielberg,Red Bull Ring,47.2197,14.7647,sainz,SAI,Carlos Sainz,Spanish,55,ferrari,Ferrari,3,3,15.0,4,71,Finished,224.369,1:09.282,6.0,1,False,True,True,False,135.0,4.0,1,123.0,2.0,21.2545,21.226,4.0,1:04.851
2024,11,Austrian Grand Prix,2024-06-30,Austria,Spielberg,Red Bull Ring,47.2197,14.7647,hamilton,HAM,Lewis Hamilton,British,44,mercedes,Mercedes,4,4,12.0,5,71,Finished,223.466,1:09.562,7.0,1,False,False,True,False,85.0,8.0,0,75.0,2.0,24.421999999999997,21.563,5.0,1:04.903
2024,11,Austrian Grand Prix,2024-06-30,Austria,Spielberg,Red Bull Ring,47.2197,14.7647,max_verstappen,VER,Max Verstappen,Dutch,1,red_bull,Red Bull,5,5,10.0,1,71,Finished,229.548,1:07.719,2.0,-4,False,False,True,False,237.0,1.0,7,213.0,3.0,23.489666666666665,21.899,1.0,1:04.314
2024,11,Austrian Grand Prix,2024-06-30,Austria,Spielberg,Red Bull Ring,47.2197,14.7647,hulkenberg,HUL,Nico Hülkenberg,German,27,haas,Haas F1 Team,6,6,8.0,9,71,Finished,221.388,1:10.215,14.0,3,False,False,True,False,14.0,12.0,0,12.0,2.0,22.0845,21.814,9.0,1:05.385
2024,11,Austrian Grand Prix,2024-06-30,Austria,Spielberg,Red Bull Ring,47.2197,14.7647,perez,PER,Sergio Pérez,Mexican,11,red_bull,Red Bull,7,7,6.0,8,71,Finished,223.043,1:09.694,11.0,1,False,False,True,False,118.0,5.0,0,105.0,2.0,24.3955,21.291,8.0,1:05.202
2024,11,Austrian Grand Prix,2024-06-30,Austria,Spielberg,Red Bull Ring,47.2197,14.7647,kevin_magnussen,MAG,Kevin Magnussen,Danish,20,haas,Haas F1 Team,8,8,4.0,12,71,Finished,221.672,1:10.125,12.0,4,False,False,True,False,5.0,16.0,0,5.0,2.0,21.675,21.518,12.0,
2024,11,Austrian Grand Prix,2024-06-30,Austria,Spielberg,Red Bull Ring,47.2197,14.7647,ricciardo,RIC,Daniel Ricciardo,Australian,3,rb,RB F1 Team,9,9,2.0,11,71,Finished,220.725,1:10.426,18.0,2,False,False,True,False,11.0,13.0,0,6.0,2.0,21.2975,21.093,11.0,
2024,11,Austrian Grand Prix,2024-06-30,Austria,Spielberg,Red Bull Ring,47.2197,14.7647,gasly,GAS,Pierre Gasly,French,10,alpine,Alpine F1 Team,10,10,1.0,13,71,Finished,223.315,1:09.609,9.0,3,False,False,True,False,6.0,15.0,0,6.0,2.0,21.737000000000002,21.431,13.0,
2024,11,Austrian Grand Prix,2024-06-30,Austria,Spielberg,Red Bull Ring,47.2197,14.7647,leclerc,LEC,Charles Leclerc,Monegasque,16,ferrari,Ferrari,11,11,0.0,6,71,Finished,223.396,1:09.584,8.0,-5,False,False,True,False,150.0,3.0,1,136.0,4.0,24.186999999999998,20.903,6.0,1:05.044
2024,11,Austrian Grand Prix,2024-06-30,Austria,Spielberg,Red Bull Ring,47.2197,14.7647,ocon,OCO,Esteban Ocon,French,31,alpine,Alpine F1 Team,12,12,0.0,10,71,Finished,223.187,1:09.649,10.0,-2,False,False,True,False,3.0,17.0,0,3.0,2.0,21.761000000000003,21.231,10.0,1:05.883
2024,11,Austrian Grand Prix,2024-06-30,Austria,Spielberg,Red Bull Ring,47.2197,14.7647,stroll,STR,Lance Stroll,Canadian,18,aston_martin,Aston Martin,13,13,0.0,17,70,Lapped,221.615,1:10.143,13.0,4,False,False,False,True,17.0,11.0,0,17.0,2.0,21.3505,21.302,17.0,
2024,11,Austrian Grand Prix,2024-06-30,Austria,Spielberg,Red Bull Ring,47.2197,14.7647,tsunoda,TSU,Yuki Tsunoda,Japanese,22,rb,RB F1 Team,14,14,0.0,14,70,Lapped,221.064,1:10.318,15.0,0,False,False,False,True,19.0,10.0,0,18.0,2.0,22.347,21.25,14.0,
2024,11,Austrian Grand Prix,2024-06-30,Austria,Spielberg,Red Bull Ring,47.2197,14.7647,albon,ALB,Alexander Albon,Thai,23,williams,Williams,15,15,0.0,16,70,Lapped,220.919,1:10.364,16.0,1,False,False,False,True,2.0,18.0,0,2.0,2.0,21.785,21.692,16.0,
2024,11,Austrian Grand Prix,2024-06-30,Austria,Spielberg,Red Bull Ring,47.2197,14.7647,bottas,BOT,Valtteri Bottas,Finnish,77,sauber,Sauber,16,16,0.0,18,70,Lapped,220.653,1:10.449,19.0,2,False,False,False,True,0.0,20.0,0,0.0,2.0,21.9545,21.918,18.0,
2024,11,Austrian Grand Prix,2024-06-30,Austria,Spielberg,Red Bull Ring,47.2197,14.7647,zhou,ZHO,Guanyu Zhou,Chinese,24,sauber,Sauber,17,17,0.0,20,70,Lapped,220.587,1:10.470,20.0,3,False,False,False,True,0.0,19.0,0,0.0,2.0,22.396,21.594,20.0,
2024,11,Austrian Grand Prix,2024-06-30,Austria,Spielberg,Red Bull Ring,47.2197,14.7647,alonso,ALO,Fernando Alonso,Spanish,14,aston_martin,Aston Martin,18,18,0.0,15,70,Lapped,229.633,1:07.694,1.0,-3,False,False,False,True,41.0,9.0,0,41.0,3.0,25.972333333333335,21.483,15.0,
2024,11,Austrian Grand Prix,2024-06-30,Austria,Spielberg,Red Bull Ring,47.2197,14.7647,sargeant,SAR,Logan Sargeant,American,2,williams,Williams,19,19,0.0,19,69,Lapped,220.788,1:10.406,17.0,0,False,False,False,True,0.0,21.0,0,0.0,3.0,25.439000000000004,22.093,19.0,
2024,11,Austrian Grand Prix,2024-06-30,Austria,Spielberg,Red Bull Ring,47.2197,14.7647,norris,NOR,Lando Norris,British,4,mclaren,McLaren,20,20,0.0,2,64,Lapped,228.546,1:08.016,3.0,-18,False,False,False,True,156.0,2.0,1,147.0,2.0,21.514000000000003,21.411,2.0,1:04.718
2024,12,British Grand Prix,2024-07-07,UK,Silverstone,Silverstone Circuit,52.0786,-1.01694,hamilton,HAM,Lewis Hamilton,British,44,mercedes,Mercedes,1,1,25.0,2,52,Finished,237.12,1:29.438,5.0,1,True,True,True,False,110.0,8.0,1,100.0,2.0,29.4835,28.929,2.0,1:25.990
2024,12,British Grand Prix,2024-07-07,UK,Silverstone,Silverstone Circuit,52.0786,-1.01694,max_verstappen,VER,Max Verstappen,Dutch,1,red_bull,Red Bull,2,2,18.0,4,52,Finished,238.416,1:28.952,3.0,2,False,True,True,False,255.0,1.0,7,231.0,2.0,28.7205,28.365,4.0,1:26.203
2024,12,British Grand Prix,2024-07-07,UK,Silverstone,Silverstone Circuit,52.0786,-1.01694,norris,NOR,Lando Norris,British,4,mclaren,McLaren,3,3,15.0,3,52,Finished,237.588,1:29.262,4.0,0,False,True,True,False,171.0,2.0,1,162.0,2.0,29.524,28.661,3.0,1:26.030
2024,12,British Grand Prix,2024-07-07,UK,Silverstone,Silverstone Circuit,52.0786,-1.01694,piastri,PIA,Oscar Piastri,Australian,81,mclaren,McLaren,4,4,12.0,5,52,Finished,238.964,1:28.748,2.0,1,False,False,True,False,124.0,5.0,0,112.0,2.0,29.3705,29.2,5.0,1:26.237
2024,12,British Grand Prix,2024-07-07,UK,Silverstone,Silverstone Circuit,52.0786,-1.01694,sainz,SAI,Carlos Sainz,Spanish,55,ferrari,Ferrari,5,5,11.0,7,52,Finished,240.195,1:28.293,1.0,2,False,False,True,False,146.0,4.0,1,134.0,3.0,29.00066666666667,28.706,7.0,1:26.509
2024,12,British Grand Prix,2024-07-07,UK,Silverstone,Silverstone Circuit,52.0786,-1.01694,hulkenberg,HUL,Nico Hülkenberg,German,27,haas,Haas F1 Team,6,6,8.0,6,52,Finished,236.07,1:29.836,10.0,0,False,False,True,False,22.0,11.0,0,20.0,2.0,29.8385,29.412,6.0,1:26.338
2024,12,British Grand Prix,2024-07-07,UK,Silverstone,Silverstone Circuit,52.0786,-1.01694,stroll,STR,Lance Stroll,Canadian,18,aston_martin,Aston Martin,7,7,6.0,8,52,Finished,235.909,1:29.897,11.0,1,False,False,True,False,23.0,10.0,0,23.0,2.0,29.246000000000002,29.023,8.0,1:26.585
2024,12,British Grand Prix,2024-07-07,UK,Silverstone,Silverstone Circuit,52.0786,-1.01694,alonso,ALO,Fernando Alonso,Spanish,14,aston_martin,Aston Martin,8,8,4.0,10,52,Finished,236.401,1:29.710,7.0,2,False,False,True,False,45.0,9.0,0,45.0,2.0,29.5135,29.341,10.0,1:26.917
2024,12,British Grand Prix,2024-07-07,UK,Silverstone,Silverstone Circuit,52.0786,-1.01694,albon,ALB,Alexander Albon,Thai,23,williams,Williams,9,9,2.0,9,52,Finished,236.38,1:29.718,8.0,0,False,False,True,False,4.0,17.0,0,4.0,2.0,32.076,29.41,9.0,1:26.640
2024,12,British Grand Prix,2024-07-07,UK,Silverstone,Silverstone Circuit,52.0786,-1.01694,tsunoda,TSU,Yuki Tsunoda,Japanese,22,rb,RB F1 Team,10,10,1.0,13,52,Finished,235.041,1:30.229,14.0,3,False,False,True,False,20.0,12.0,0,19.0,2.0,29.658,29.658,13.0,
2024,12,British Grand Prix,2024-07-07,UK,Silverstone,Silverstone Circuit,52.0786,-1.01694,sargeant,SAR,Logan Sargeant,American,2,williams,Williams,11,11,0.0,12,52,Finished,235.713,1:29.972,12.0,1,False,False,True,False,0.0,20.0,0,0.0,2.0,31.122500000000002,29.444,12.0,
2024,12,British Grand Prix,2024-07-07,UK,Silverstone,Silverstone Circuit,52.0786,-1.01694,kevin_magnussen,MAG,Kevin Magnussen,Danish,20,haas,Haas F1 Team,12,12,0.0,17,52,Finished,235.396,1:30.093,13.0,5,False,False,True,False,5.0,16.0,0,5.0,2.0,30.096,29.884,17.0,
2024,12,British Grand Prix,2024-07-07,UK,Silverstone,Silverstone Circuit,52.0786,-1.01694,ricciardo,RIC,Daniel Ricciardo,Australian,3,rb,RB F1 Team,13,13,0.0,15,51,Lapped,233.731,1:30.735,15.0,2,False,False,False,True,11.0,13.0,0,6.0,2.0,29.374000000000002,28.875,15.0,
2024,12,British Grand Prix,2024-07-07,UK,Silverstone,Silverstone Circuit,52.0786,-1.01694,leclerc,LEC,Charles Leclerc,Monegasque,16,ferrari,Ferrari,14,14,0.0,11,51,Lapped,236.301,1:29.748,9.0,-3,False,False,False,True,150.0,3.0,1,136.0,3.0,28.959999999999997,28.481,11.0,
2024,12,British Grand Prix,2024-07-07,UK,Silverstone,Silverstone Circuit,52.0786,-1.01694,bottas,BOT,Valtteri Bottas,Finnish,77,sauber,Sauber,15,15,0.0,16,51,Lapped,232.343,1:31.277,18.0,1,False,False,False,True,0.0,21.0,0,0.0,2.0,31.0775,30.628,16.0,
2024,12,British Grand Prix,2024-07-07,UK,Silverstone,Silverstone Circuit,52.0786,-1.01694,ocon,OCO,Esteban Ocon,French,31,alpine,Alpine F1 Team,16,16,0.0,18,50,Lapped,233.371,1:30.875,16.0,2,False,False,False,True,3.0,18.0,0,3.0,4.0,28.7865,28.276,18.0,
2024,12,British Grand Prix,2024-07-07,UK,Silverstone,Silverstone Circuit,52.0786,-1.01694,perez,PER,Sergio Pérez,Mexican,11,red_bull,Red Bull,17,17,0.0,20,50,Lapped,236.409,1:29.707,6.0,3,False,False,False,True,118.0,6.0,0,105.0,4.0,29.71875,28.391,19.0,
2024,12,British Grand Prix,2024-07-07,UK,Silverstone,Silverstone Circuit,52.0786,-1.01694,zhou,ZHO,Guanyu Zhou,Chinese,24,sauber,Sauber,18,18,0.0,14,50,Lapped,233.014,1:31.014,17.0,-4,False,False,False,True,0.0,19.0,0,0.0,4.0,30.306,29.125,14.0,
2024,12,British Grand Prix,2024-07-07,UK,Silverstone,Silverstone Circuit,52.0786,-1.01694,russell,RUS,George Russell,British,63,mercedes,Mercedes,19,R,0.0,1,33,Retired,232.289,1:31.298,19.0,-18,False,False,False,True,111.0,7.0,1,105.0,1.0,32.045,32.045,1.0,1:25.819
2024,12,British Grand Prix,2024-07-07,UK,Silverstone,Silverstone Circuit,52.0786,-1.01694,gasly,GAS,Pierre Gasly,French,10,alpine,Alpine F1 Team,20,W,0.0,19,0,Did not start,,,,-1,False,False,False,True,6.0,15.0,0,6.0,,,,20.0,
2024,13,Hungarian Grand Prix,2024-07-21,Hungary,Budapest,Hungaroring,47.5789,19.2486,piastri,PIA,Oscar Piastri,Australian,81,mclaren,McLaren,1,1,25.0,2,70,Finished,193.005,1:21.716,8.0,1,True,True,True,False,149.0,5.0,1,137.0,2.0,21.732,21.641,2.0,1:15.249
2024,13,Hungarian Grand Prix,2024-07-21,Hungary,Budapest,Hungaroring,47.5789,19.2486,norris,NOR,Lando Norris,British,4,mclaren,McLaren,2,2,18.0,1,70,Finished,193.014,1:21.712,7.0,-1,False,True,True,False,189.0,2.0,1,180.0,2.0,21.555,21.249,1.0,1:15.227
2024,13,Hungarian Grand Prix,2024-07-21,Hungary,Budapest,Hungaroring,47.5789,19.2486,hamilton,HAM,Lewis Hamilton,British,44,mercedes,Mercedes,3,3,15.0,5,70,Finished,191.978,1:22.153,9.0,2,False,True,True,False,125.0,6.0,1,115.0,2.0,21.608,21.306,5.0,1:15.854
2024,13,Hungarian Grand Prix,2024-07-21,Hungary,Budapest,Hungaroring,47.5789,19.2486,leclerc,LEC,Charles Leclerc,Monegasque,16,ferrari,Ferrari,4,4,12.0,6,70,Finished,191.91,1:22.182,10.0,2,False,False,True,False,162.0,3.0,1,148.0,2.0,21.8085,21.723,6.0,1:15.905
2024,13,Hungarian Grand Prix,2024-07-21,Hungary,Budapest,Hungaroring,47.5789,19.2486,max_verstappen,VER,Max Verstappen,Dutch,1,red_bull,Red Bull,5,5,10.0,3,70,Finished,194.932,1:20.908,3.0,-2,False,False,True,False,265.0,1.0,7,241.0,2.0,21.7225,21.344,3.0,1:15.273
2024,13,Hungarian Grand Prix,2024-07-21,Hungary,Budapest,Hungaroring,47.5789,19.2486,sainz,SAI,Carlos Sainz,Spanish,55,ferrari,Ferrari,6,6,8.0,4,70,Finished,193.656,1:21.441,5.0,-2,False,False,True,False,154.0,4.0,1,142.0,2.0,21.547,21.439,4.0,1:15.696
2024,13,Hungarian Grand Prix,2024-07-21,Hungary,Budapest,Hungaroring,47.5789,19.2486,perez,PER,Sergio Pérez,Mexican,11,red_bull,Red Bull,7,7,6.0,16,70,Finished,194.48,1:21.096,4.0,9,False,False,True,False,124.0,7.0,0,111.0,2.0,21.2255,21.056,16.0,
2024,13,Hungarian Grand Prix,2024-07-21,Hungary,Budapest,Hungaroring,47.5789,19.2486,russell,RUS,George Russell,British,63,mercedes,Mercedes,8,8,5.0,17,70,Finished,196.396,1:20.305,1.0,9,False,False,True,False,116.0,8.0,1,110.0,2.0,21.3485,21.328,17.0,
2024,13,Hungarian Grand Prix,2024-07-21,Hungary,Budapest,Hungaroring,47.5789,19.2486,tsunoda,TSU,Yuki Tsunoda,Japanese,22,rb,RB F1 Team,9,9,2.0,10,70,Finished,188.806,1:23.533,18.0,1,False,False,True,False,22.0,12.0,0,21.0,1.0,21.467,21.467,10.0,1:16.477
2024,13,Hungarian Grand Prix,2024-07-21,Hungary,Budapest,Hungaroring,47.5789,19.2486,stroll,STR,Lance Stroll,Canadian,18,aston_martin,Aston Martin,10,10,1.0,8,70,Finished,191.547,1:22.338,11.0,-2,False,False,True,False,24.0,10.0,0,24.0,2.0,22.7565,22.276,8.0,1:16.244
2024,13,Hungarian Grand Prix,2024-07-21,Hungary,Budapest,Hungaroring,47.5789,19.2486,alonso,ALO,Fernando Alonso,Spanish,14,aston_martin,Aston Martin,11,11,0.0,7,70,Finished,189.875,1:23.063,14.0,-4,False,False,True,False,45.0,9.0,0,45.0,2.0,22.171,21.8,7.0,1:16.043
2024,13,Hungarian Grand Prix,2024-07-21,Hungary,Budapest,Hungaroring,47.5789,19.2486,ricciardo,RIC,Daniel Ricciardo,Australian,3,rb,RB F1 Team,12,12,0.0,9,69,Lapped,190.847,1:22.640,12.0,-3,False,False,False,True,11.0,13.0,0,6.0,2.0,21.231,21.084,9.0,1:16.447
2024,13,Hungarian Grand Prix,2024-07-21,Hungary,Budapest,Hungaroring,47.5789,19.2486,hulkenberg,HUL,Nico Hülkenberg,German,27,haas,Haas F1 Team,13,13,0.0,11,69,Lapped,188.969,1:23.461,16.0,-2,False,False,False,True,22.0,11.0,0,20.0,2.0,22.3795,22.287,11.0,
2024,13,Hungarian Grand Prix,2024-07-21,Hungary,Budapest,Hungaroring,47.5789,19.2486,albon,ALB,Alexander Albon,Thai,23,williams,Williams,14,14,0.0,13,69,Lapped,187.913,1:23.930,20.0,-1,False,False,False,True,4.0,17.0,0,4.0,2.0,22.750500000000002,22.091,13.0,
2024,13,Hungarian Grand Prix,2024-07-21,Hungary,Budapest,Hungaroring,47.5789,19.2486,kevin_magnussen,MAG,Kevin Magnussen,Danish,20,haas,Haas F1 Team,15,15,0.0,15,69,Lapped,188.761,1:23.553,19.0,0,False,False,False,True,5.0,16.0,0,5.0,2.0,22.201,21.871,15.0,
2024,13,Hungarian Grand Prix,2024-07-21,Hungary,Budapest,Hungaroring,47.5789,19.2486,bottas,BOT,Valtteri Bottas,Finnish,77,sauber,Sauber,16,16,0.0,12,69,Lapped,190.496,1:22.792,13.0,-4,False,False,False,True,0.0,21.0,0,0.0,2.0,22.0635,21.981,12.0,
2024,13,Hungarian Grand Prix,2024-07-21,Hungary,Budapest,Hungaroring,47.5789,19.2486,sargeant,SAR,Logan Sargeant,American,2,williams,Williams,17,17,0.0,14,69,Lapped,195.772,1:20.561,2.0,-3,False,False,False,True,0.0,20.0,0,0.0,3.0,21.68766666666667,21.398,14.0,
2024,13,Hungarian Grand Prix,2024-07-21,Hungary,Budapest,Hungaroring,47.5789,19.2486,ocon,OCO,Esteban Ocon,French,31,alpine,Alpine F1 Team,18,18,0.0,19,69,Lapped,193.255,1:21.610,6.0,1,False,False,False,True,3.0,18.0,0,3.0,3.0,21.534333333333333,21.33,19.0,
2024,13,Hungarian Grand Prix,2024-07-21,Hungary,Budapest,Hungaroring,47.5789,19.2486,zhou,ZHO,Guanyu Zhou,Chinese,24,sauber,Sauber,19,19,0.0,18,69,Lapped,188.91,1:23.487,17.0,-1,False,False,False,True,0.0,19.0,0,0.0,2.0,22.088,21.993,18.0,
2024,13,Hungarian Grand Prix,2024-07-21,Hungary,Budapest,Hungaroring,47.5789,19.2486,gasly,GAS,Pierre Gasly,French,10,alpine,Alpine F1 Team,20,R,0.0,20,33,Retired,189.244,1:23.340,15.0,0,False,False,False,True,6.0,15.0,0,6.0,1.0,21.405,21.405,20.0,
2024,14,Belgian Grand Prix,2024-07-28,Belgium,Spa,Circuit de Spa-Francorchamps,50.4372,5.97139,hamilton,HAM,Lewis Hamilton,British,44,mercedes,Mercedes,1,1,25.0,3,44,Finished,236.415,1:46.653,6.0,2,True,True,True,False,150.0,6.0,2,140.0,2.0,22.945999999999998,22.704,4.0,1:53.835
2024,14,Belgian Grand Prix,2024-07-28,Belgium,Spa,Circuit de Spa-Francorchamps,50.4372,5.97139,piastri,PIA,Oscar Piastri,Australian,81,mclaren,McLaren,2,2,18.0,5,44,Finished,238.231,1:45.840,3.0,3,False,True,True,False,167.0,4.0,1,155.0,2.0,23.374000000000002,22.623,6.0,1:54.027
2024,14,Belgian Grand Prix,2024-07-28,Belgium,Spa,Circuit de Spa-Francorchamps,50.4372,5.97139,leclerc,LEC,Charles Leclerc,Monegasque,16,ferrari,Ferrari,3,3,15.0,1,44,Finished,235.619,1:47.013,8.0,-2,False,True,True,False,177.0,3.0,1,163.0,2.0,23.136,22.942,2.0,1:53.754
2024,14,Belgian Grand Prix,2024-07-28,Belgium,Spa,Circuit de Spa-Francorchamps,50.4372,5.97139,max_verstappen,VER,Max Verstappen,Dutch,1,red_bull,Red Bull,4,4,12.0,11,44,Finished,237.584,1:46.128,4.0,7,False,False,True,False,277.0,1.0,7,253.0,2.0,23.0785,22.943,1.0,1:53.159
2024,14,Belgian Grand Prix,2024-07-28,Belgium,Spa,Circuit de Spa-Francorchamps,50.4372,5.97139,norris,NOR,Lando Norris,British,4,mclaren,McLaren,5,5,10.0,4,44,Finished,238.856,1:45.563,2.0,-1,False,False,True,False,199.0,2.0,1,190.0,2.0,22.646,22.61,5.0,1:53.981
2024,14,Belgian Grand Prix,2024-07-28,Belgium,Spa,Circuit de Spa-Francorchamps,50.4372,5.97139,sainz,SAI,Carlos Sainz,Spanish,55,ferrari,Ferrari,6,6,8.0,7,44,Finished,237.057,1:46.364,5.0,1,False,False,True,False,162.0,5.0,1,150.0,2.0,23.0845,23.08,8.0,1:54.477
2024,14,Belgian Grand Prix,2024-07-28,Belgium,Spa,Circuit de Spa-Francorchamps,50.4372,5.97139,perez,PER,Sergio Pérez,Mexican,11,red_bull,Red Bull,7,7,7.0,2,44,Finished,240.822,1:44.701,1.0,-5,False,False,True,False,131.0,7.0,0,118.0,3.0,22.657333333333337,22.632,3.0,1:53.765
2024,14,Belgian Grand Prix,2024-07-28,Belgium,Spa,Circuit de Spa-Francorchamps,50.4372,5.97139,alonso,ALO,Fernando Alonso,Spanish,14,aston_martin,Aston Martin,8,8,4.0,8,44,Finished,233.356,1:48.051,17.0,0,False,False,True,False,49.0,9.0,0,49.0,1.0,23.075,23.075,9.0,1:54.765
2024,14,Belgian Grand Prix,2024-07-28,Belgium,Spa,Circuit de Spa-Francorchamps,50.4372,5.97139,ocon,OCO,Esteban Ocon,French,31,alpine,Alpine F1 Team,9,9,2.0,9,44,Finished,235.743,1:46.957,7.0,0,False,False,True,False,5.0,17.0,0,5.0,2.0,23.456,23.366,10.0,1:54.810
2024,14,Belgian Grand Prix,2024-07-28,Belgium,Spa,Circuit de Spa-Francorchamps,50.4372,5.97139,ricciardo,RIC,Daniel Ricciardo,Australian,3,rb,RB F1 Team,10,10,1.0,13,44,Finished,234.694,1:47.435,12.0,3,False,False,True,False,12.0,13.0,0,7.0,2.0,22.485500000000002,22.328,13.0,
2024,14,Belgian Grand Prix,2024-07-28,Belgium,Spa,Circuit de Spa-Francorchamps,50.4372,5.97139,stroll,STR,Lance Stroll,Canadian,18,aston_martin,Aston Martin,11,11,0.0,15,44,Finished,233.239,1:48.105,18.0,4,False,False,True,False,24.0,10.0,0,24.0,1.0,23.01,23.01,15.0,
2024,14,Belgian Grand Prix,2024-07-28,Belgium,Spa,Circuit de Spa-Francorchamps,50.4372,5.97139,albon,ALB,Alexander Albon,Thai,23,williams,Williams,12,12,0.0,10,44,Finished,233.475,1:47.996,16.0,-2,False,False,True,False,4.0,18.0,0,4.0,2.0,23.376,23.146,11.0,
2024,14,Belgian Grand Prix,2024-07-28,Belgium,Spa,Circuit de Spa-Francorchamps,50.4372,5.97139,gasly,GAS,Pierre Gasly,French,10,alpine,Alpine F1 Team,13,13,0.0,12,44,Finished,234.731,1:47.418,11.0,-1,False,False,True,False,6.0,15.0,0,6.0,2.0,22.872,22.844,12.0,
2024,14,Belgian Grand Prix,2024-07-28,Belgium,Spa,Circuit de Spa-Francorchamps,50.4372,5.97139,kevin_magnussen,MAG,Kevin Magnussen,Danish,20,haas,Haas F1 Team,14,14,0.0,17,44,Finished,233.795,1:47.848,14.0,3,False,False,True,False,5.0,16.0,0,5.0,1.0,23.619,23.619,17.0,
2024,14,Belgian Grand Prix,2024-07-28,Belgium,Spa,Circuit de Spa-Francorchamps,50.4372,5.97139,bottas,BOT,Valtteri Bottas,Finnish,77,sauber,Sauber,15,15,0.0,14,44,Finished,235.606,1:47.019,9.0,-1,False,False,True,False,0.0,21.0,0,0.0,2.0,23.048000000000002,22.949,14.0,
2024,14,Belgian Grand Prix,2024-07-28,Belgium,Spa,Circuit de Spa-Francorchamps,50.4372,5.97139,tsunoda,TSU,Yuki Tsunoda,Japanese,22,rb,RB F1 Team,16,16,0.0,20,44,Finished,233.533,1:47.969,15.0,4,False,False,True,False,22.0,12.0,0,21.0,1.0,23.452,23.452,18.0,
2024,14,Belgian Grand Prix,2024-07-28,Belgium,Spa,Circuit de Spa-Francorchamps,50.4372,5.97139,sargeant,SAR,Logan Sargeant,American,2,williams,Williams,17,17,0.0,18,44,Finished,234.574,1:47.490,13.0,1,False,False,True,False,0.0,20.0,0,0.0,2.0,23.515,23.338,19.0,
2024,14,Belgian Grand Prix,2024-07-28,Belgium,Spa,Circuit de Spa-Francorchamps,50.4372,5.97139,hulkenberg,HUL,Nico Hülkenberg,German,27,haas,Haas F1 Team,18,18,0.0,16,44,Finished,231.422,1:48.954,19.0,-2,False,False,True,False,22.0,11.0,0,20.0,2.0,23.415,23.268,16.0,
2024,14,Belgian Grand Prix,2024-07-28,Belgium,Spa,Circuit de Spa-Francorchamps,50.4372,5.97139,zhou,ZHO,Guanyu Zhou,Chinese,24,sauber,Sauber,19,R,0.0,19,5,Retired,224.929,1:52.099,20.0,0,False,False,False,True,0.0,19.0,0,0.0,,,,20.0,
2024,14,Belgian Grand Prix,2024-07-28,Belgium,Spa,Circuit de Spa-Francorchamps,50.4372,5.97139,russell,RUS,George Russell,British,63,mercedes,Mercedes,20,20,0.0,6,44,Disqualified,235.399,1:47.113,10.0,-14,False,False,False,True,116.0,8.0,1,110.0,1.0,22.686,22.686,7.0,1:54.184
2024,15,Dutch Grand Prix,2024-08-25,Netherlands,Zandvoort,Circuit Park Zandvoort,52.3888,4.54092,norris,NOR,Lando Norris,British,4,mclaren,McLaren,1,1,26.0,1,72,Finished,207.708,1:13.817,1.0,0,True,True,True,False,225.0,2.0,2,216.0,1.0,21.536,21.536,1.0,1:09.673
2024,15,Dutch Grand Prix,2024-08-25,Netherlands,Zandvoort,Circuit Park Zandvoort,52.3888,4.54092,max_verstappen,VER,Max Verstappen,Dutch,1,red_bull,Red Bull,2,2,18.0,2,72,Finished,205.11,1:14.752,9.0,0,False,True,True,False,295.0,1.0,7,271.0,1.0,20.785,20.785,2.0,1:10.029
2024,15,Dutch Grand Prix,2024-08-25,Netherlands,Zandvoort,Circuit Park Zandvoort,52.3888,4.54092,leclerc,LEC,Charles Leclerc,Monegasque,16,ferrari,Ferrari,3,3,15.0,6,72,Finished,205.569,1:14.585,7.0,3,False,True,True,False,192.0,3.0,1,178.0,1.0,20.841,20.841,6.0,1:10.582
2024,15,Dutch Grand Prix,2024-08-25,Netherlands,Zandvoort,Circuit Park Zandvoort,52.3888,4.54092,piastri,PIA,Oscar Piastri,Australian,81,mclaren,McLaren,4,4,12.0,3,72,Finished,206.533,1:14.237,5.0,-1,False,False,True,False,179.0,4.0,1,167.0,1.0,20.969,20.969,3.0,1:10.172
2024,15,Dutch Grand Prix,2024-08-25,Netherlands,Zandvoort,Circuit Park Zandvoort,52.3888,4.54092,sainz,SAI,Carlos Sainz,Spanish,55,ferrari,Ferrari,5,5,10.0,10,72,Finished,206.867,1:14.117,4.0,5,False,False,True,False,172.0,5.0,1,160.0,1.0,20.84,20.84,10.0,
2024,15,Dutch Grand Prix,2024-08-25,Netherlands,Zandvoort,Circuit Park Zandvoort,52.3888,4.54092,perez,PER,Sergio Pérez,Mexican,11,red_bull,Red Bull,6,6,8.0,5,72,Finished,205.563,1:14.587,8.0,-1,False,False,True,False,139.0,7.0,0,126.0,1.0,22.934,22.934,5.0,1:10.416
2024,15,Dutch Grand Prix,2024-08-25,Netherlands,Zandvoort,Circuit Park Zandvoort,52.3888,4.54092,russell,RUS,George Russell,British,63,mercedes,Mercedes,7,7,6.0,4,72,Finished,207.399,1:13.927,3.0,-3,False,False,True,False,122.0,8.0,1,116.0,2.0,21.502499999999998,21.159,4.0,1:10.244
2024,15,Dutch Grand Prix,2024-08-25,Netherlands,Zandvoort,Circuit Park Zandvoort,52.3888,4.54092,hamilton,HAM,Lewis Hamilton,British,44,mercedes,Mercedes,8,8,4.0,14,72,Finished,207.536,1:13.878,2.0,6,False,False,True,False,154.0,6.0,2,144.0,2.0,21.097,21.026,11.0,
2024,15,Dutch Grand Prix,2024-08-25,Netherlands,Zandvoort,Circuit Park Zandvoort,52.3888,4.54092,gasly,GAS,Pierre Gasly,French,10,alpine,Alpine F1 Team,9,9,2.0,9,71,Lapped,204.828,1:14.855,11.0,0,False,False,False,True,8.0,14.0,0,8.0,1.0,22.646,22.646,9.0,1:10.977
2024,15,Dutch Grand Prix,2024-08-25,Netherlands,Zandvoort,Circuit Park Zandvoort,52.3888,4.54092,alonso,ALO,Fernando Alonso,Spanish,14,aston_martin,Aston Martin,10,10,1.0,7,71,Lapped,205.093,1:14.758,10.0,-3,False,False,False,True,50.0,9.0,0,50.0,1.0,21.348,21.348,7.0,1:10.633
2024,15,Dutch Grand Prix,2024-08-25,Netherlands,Zandvoort,Circuit Park Zandvoort,52.3888,4.54092,hulkenberg,HUL,Nico Hülkenberg,German,27,haas,Haas F1 Team,11,11,0.0,12,71,Lapped,202.656,1:15.657,18.0,1,False,False,False,True,22.0,11.0,0,20.0,1.0,21.619,21.619,13.0,
2024,15,Dutch Grand Prix,2024-08-25,Netherlands,Zandvoort,Circuit Park Zandvoort,52.3888,4.54092,ricciardo,RIC,Daniel Ricciardo,Australian,3,rb,RB F1 Team,12,12,0.0,13,71,Lapped,203.828,1:15.222,13.0,1,False,False,False,True,12.0,13.0,0,7.0,1.0,20.942,20.942,15.0,
2024,15,Dutch Grand Prix,2024-08-25,Netherlands,Zandvoort,Circuit Park Zandvoort,52.3888,4.54092,stroll,STR,Lance Stroll,Canadian,18,aston_martin,Aston Martin,13,13,0.0,8,71,Lapped,203.739,1:15.255,14.0,-5,False,False,False,True,24.0,10.0,0,24.0,1.0,21.385,21.385,8.0,1:10.857
2024,15,Dutch Grand Prix,2024-08-25,Netherlands,Zandvoort,Circuit Park Zandvoort,52.3888,4.54092,albon,ALB,Alexander Albon,Thai,23,williams,Williams,14,14,0.0,19,71,Lapped,205.986,1:14.434,6.0,5,False,False,False,True,4.0,18.0,0,4.0,2.0,21.137,21.016,10.0,1:10.653
2024,15,Dutch Grand Prix,2024-08-25,Netherlands,Zandvoort,Circuit Park Zandvoort,52.3888,4.54092,ocon,OCO,Esteban Ocon,French,31,alpine,Alpine F1 Team,15,15,0.0,15,71,Lapped,203.374,1:15.390,15.0,0,False,False,False,True,5.0,17.0,0,5.0,1.0,21.015,21.015,16.0,
2024,15,Dutch Grand Prix,2024-08-25,Netherlands,Zandvoort,Circuit Park Zandvoort,52.3888,4.54092,sargeant,SAR,Logan Sargeant,American,2,williams,Williams,16,16,0.0,18,71,Lapped,202.973,1:15.539,16.0,2,False,False,False,True,0.0,20.0,0,0.0,1.0,22.03,22.03,20.0,
2024,15,Dutch Grand Prix,2024-08-25,Netherlands,Zandvoort,Circuit Park Zandvoort,52.3888,4.54092,tsunoda,TSU,Yuki Tsunoda,Japanese,22,rb,RB F1 Team,17,17,0.0,11,71,Lapped,202.938,1:15.552,17.0,-6,False,False,False,True,22.0,12.0,0,21.0,2.0,21.0645,20.88,12.0,
2024,15,Dutch Grand Prix,2024-08-25,Netherlands,Zandvoort,Circuit Park Zandvoort,52.3888,4.54092,kevin_magnussen,MAG,Kevin Magnussen,Danish,20,haas,Haas F1 Team,18,18,0.0,20,71,Lapped,204.557,1:14.954,12.0,2,False,False,False,True,5.0,16.0,0,5.0,1.0,21.403,21.403,14.0,
2024,15,Dutch Grand Prix,2024-08-25,Netherlands,Zandvoort,Circuit Park Zandvoort,52.3888,4.54092,bottas,BOT,Valtteri Bottas,Finnish,77,sauber,Sauber,19,19,0.0,16,70,Lapped,202.215,1:15.822,20.0,-3,False,False,False,True,0.0,21.0,0,0.0,2.0,21.183999999999997,21.095,17.0,
2024,15,Dutch Grand Prix,2024-08-25,Netherlands,Zandvoort,Circuit Park Zandvoort,52.3888,4.54092,zhou,ZHO,Guanyu Zhou,Chinese,24,sauber,Sauber,20,20,0.0,17,70,Lapped,202.477,1:15.724,19.0,-3,False,False,False,True,0.0,19.0,0,0.0,2.0,21.628999999999998,21.214,18.0,
2024,16,Italian Grand Prix,2024-09-01,Italy,Monza,Autodromo Nazionale di Monza,45.6156,9.28111,leclerc,LEC,Charles Leclerc,Monegasque,16,ferrari,Ferrari,1,1,25.0,4,53,Finished,250.58,1:23.226,10.0,3,True,True,True,False,217.0,3.0,2,203.0,1.0,24.551,24.551,4.0,1:19.461
2024,16,Italian Grand Prix,2024-09-01,Italy,Monza,Autodromo Nazionale di Monza,45.6156,9.28111,piastri,PIA,Oscar Piastri,Australian,81,mclaren,McLaren,2,2,18.0,2,53,Finished,254.503,1:21.943,4.0,0,False,True,True,False,197.0,4.0,1,185.0,2.0,24.2315,23.793,2.0,1:19.436
2024,16,Italian Grand Prix,2024-09-01,Italy,Monza,Autodromo Nazionale di Monza,45.6156,9.28111,norris,NOR,Lando Norris,British,4,mclaren,McLaren,3,3,16.0,1,53,Finished,256.1,1:21.432,1.0,-2,False,True,True,False,241.0,2.0,2,232.0,2.0,24.5195,24.169,1.0,1:19.327
2024,16,Italian Grand Prix,2024-09-01,Italy,Monza,Autodromo Nazionale di Monza,45.6156,9.28111,sainz,SAI,Carlos Sainz,Spanish,55,ferrari,Ferrari,4,4,12.0,5,53,Finished,250.601,1:23.219,9.0,1,False,False,True,False,184.0,5.0,1,172.0,1.0,24.313,24.313,5.0,1:19.467
2024,16,Italian Grand Prix,2024-09-01,Italy,Monza,Autodromo Nazionale di Monza,45.6156,9.28111,hamilton,HAM,Lewis Hamilton,British,44,mercedes,Mercedes,5,5,10.0,6,53,Finished,255.849,1:21.512,2.0,1,False,False,True,False,164.0,6.0,2,154.0,2.0,24.312,24.155,6.0,1:19.513
2024,16,Italian Grand Prix,2024-09-01,Italy,Monza,Autodromo Nazionale di Monza,45.6156,9.28111,max_verstappen,VER,Max Verstappen,Dutch,1,red_bull,Red Bull,6,6,8.0,7,53,Finished,255.12,1:21.745,3.0,1,False,False,True,False,303.0,1.0,7,279.0,2.0,26.174,24.15,7.0,1:20.022
2024,16,Italian Grand Prix,2024-09-01,Italy,Monza,Autodromo Nazionale di Monza,45.6156,9.28111,russell,RUS,George Russell,British,63,mercedes,Mercedes,7,7,6.0,3,53,Finished,254.215,1:22.036,5.0,-4,False,False,True,False,128.0,8.0,1,122.0,2.0,29.496499999999997,26.297,3.0,1:19.440
2024,16,Italian Grand Prix,2024-09-01,Italy,Monza,Autodromo Nazionale di Monza,45.6156,9.28111,perez,PER,Sergio Pérez,Mexican,11,red_bull,Red Bull,8,8,4.0,8,53,Finished,251.35,1:22.971,8.0,0,False,False,True,False,143.0,7.0,0,130.0,2.0,24.379,24.03,8.0,1:20.062
2024,16,Italian Grand Prix,2024-09-01,Italy,Monza,Autodromo Nazionale di Monza,45.6156,9.28111,albon,ALB,Alexander Albon,Thai,23,williams,Williams,9,9,2.0,9,53,Finished,248.514,1:23.918,16.0,0,False,False,True,False,6.0,17.0,0,6.0,1.0,24.801,24.801,9.0,1:20.299
2024,16,Italian Grand Prix,2024-09-01,Italy,Monza,Autodromo Nazionale di Monza,45.6156,9.28111,kevin_magnussen,MAG,Kevin Magnussen,Danish,20,haas,Haas F1 Team,10,10,1.0,13,53,Finished,249.946,1:23.437,12.0,3,False,False,True,False,6.0,16.0,0,6.0,1.0,25.672,25.672,13.0,
2024,16,Italian Grand Prix,2024-09-01,Italy,Monza,Autodromo Nazionale di Monza,45.6156,9.28111,alonso,ALO,Fernando Alonso,Spanish,14,aston_martin,Aston Martin,11,11,0.0,11,53,Finished,251.432,1:22.944,7.0,0,False,False,True,False,50.0,9.0,0,50.0,2.0,24.683500000000002,24.501,11.0,
2024,16,Italian Grand Prix,2024-09-01,Italy,Monza,Autodromo Nazionale di Monza,45.6156,9.28111,colapinto,COL,Franco Colapinto,Argentine,43,williams,Williams,12,12,0.0,18,53,Finished,249.077,1:23.728,14.0,6,False,False,True,False,0.0,21.0,0,0.0,1.0,25.147,25.147,18.0,
2024,16,Italian Grand Prix,2024-09-01,Italy,Monza,Autodromo Nazionale di Monza,45.6156,9.28111,ricciardo,RIC,Daniel Ricciardo,Australian,3,rb,RB F1 Team,13,13,0.0,12,53,Finished,247.625,1:24.219,17.0,-1,False,False,True,False,12.0,13.0,0,7.0,1.0,30.317,30.317,12.0,
2024,16,Italian Grand Prix,2024-09-01,Italy,Monza,Autodromo Nazionale di Monza,45.6156,9.28111,ocon,OCO,Esteban Ocon,French,31,alpine,Alpine F1 Team,14,14,0.0,15,52,Lapped,247.261,1:24.343,18.0,1,False,False,False,True,5.0,18.0,0,5.0,1.0,24.146,24.146,15.0,
2024,16,Italian Grand Prix,2024-09-01,Italy,Monza,Autodromo Nazionale di Monza,45.6156,9.28111,gasly,GAS,Pierre Gasly,French,10,alpine,Alpine F1 Team,15,15,0.0,14,52,Lapped,248.997,1:23.755,15.0,-1,False,False,False,True,8.0,14.0,0,8.0,2.0,24.269,24.203,14.0,
2024,16,Italian Grand Prix,2024-09-01,Italy,Monza,Autodromo Nazionale di Monza,45.6156,9.28111,bottas,BOT,Valtteri Bottas,Finnish,77,sauber,Sauber,16,16,0.0,19,52,Lapped,249.432,1:23.609,13.0,3,False,False,False,True,0.0,22.0,0,0.0,1.0,24.41,24.41,19.0,
2024,16,Italian Grand Prix,2024-09-01,Italy,Monza,Autodromo Nazionale di Monza,45.6156,9.28111,hulkenberg,HUL,Nico Hülkenberg,German,27,haas,Haas F1 Team,17,17,0.0,10,52,Lapped,250.432,1:23.275,11.0,-7,False,False,False,True,22.0,11.0,0,20.0,2.0,37.7255,36.576,10.0,1:20.339
2024,16,Italian Grand Prix,2024-09-01,Italy,Monza,Autodromo Nazionale di Monza,45.6156,9.28111,zhou,ZHO,Guanyu Zhou,Chinese,24,sauber,Sauber,18,18,0.0,20,52,Lapped,245.085,1:25.092,19.0,2,False,False,False,True,0.0,19.0,0,0.0,1.0,27.138,27.138,20.0,
2024,16,Italian Grand Prix,2024-09-01,Italy,Monza,Autodromo Nazionale di Monza,45.6156,9.28111,stroll,STR,Lance Stroll,Canadian,18,aston_martin,Aston Martin,19,19,0.0,17,52,Lapped,253.609,1:22.232,6.0,-2,False,False,False,True,24.0,10.0,0,24.0,3.0,24.819333333333333,24.209,17.0,
2024,16,Italian Grand Prix,2024-09-01,Italy,Monza,Autodromo Nazionale di Monza,45.6156,9.28111,tsunoda,TSU,Yuki Tsunoda,Japanese,22,rb,RB F1 Team,20,R,0.0,16,7,Retired,241.94,1:26.198,20.0,-4,False,False,False,True,22.0,12.0,0,21.0,,,,16.0,
2024,17,Azerbaijan Grand Prix,2024-09-15,Azerbaijan,Baku,Baku City Circuit,40.3725,49.8533,piastri,PIA,Oscar Piastri,Australian,81,mclaren,McLaren,1,1,25.0,2,51,Finished,201.856,1:47.060,9.0,1,True,True,True,False,222.0,4.0,2,210.0,1.0,20.181,20.181,2.0,1:41.686
2024,17,Azerbaijan Grand Prix,2024-09-15,Azerbaijan,Baku,Baku City Circuit,40.3725,49.8533,leclerc,LEC,Charles Leclerc,Monegasque,16,ferrari,Ferrari,2,2,18.0,1,51,Finished,201.843,1:47.067,10.0,-1,False,True,True,False,235.0,3.0,2,221.0,1.0,20.671,20.671,1.0,1:41.365
2024,17,Azerbaijan Grand Prix,2024-09-15,Azerbaijan,Baku,Baku City Circuit,40.3725,49.8533,russell,RUS,George Russell,British,63,mercedes,Mercedes,3,3,15.0,5,51,Finished,202.674,1:46.628,2.0,2,False,True,True,False,143.0,7.0,1,137.0,1.0,19.954,19.954,5.0,1:41.874
2024,17,Azerbaijan Grand Prix,2024-09-15,Azerbaijan,Baku,Baku City Circuit,40.3725,49.8533,norris,NOR,Lando Norris,British,4,mclaren,McLaren,4,4,13.0,15,51,Finished,205.318,1:45.255,1.0,11,False,False,True,False,254.0,2.0,2,245.0,1.0,19.712,19.712,16.0,
2024,17,Azerbaijan Grand Prix,2024-09-15,Azerbaijan,Baku,Baku City Circuit,40.3725,49.8533,max_verstappen,VER,Max Verstappen,Dutch,1,red_bull,Red Bull,5,5,10.0,6,51,Finished,202.352,1:46.798,3.0,1,False,False,True,False,313.0,1.0,7,289.0,2.0,20.935000000000002,20.725,6.0,1:42.023
2024,17,Azerbaijan Grand Prix,2024-09-15,Azerbaijan,Baku,Baku City Circuit,40.3725,49.8533,alonso,ALO,Fernando Alonso,Spanish,14,aston_martin,Aston Martin,6,6,8.0,7,51,Finished,201.862,1:47.057,8.0,1,False,False,True,False,58.0,9.0,0,58.0,1.0,20.073,20.073,8.0,1:42.369
2024,17,Azerbaijan Grand Prix,2024-09-15,Azerbaijan,Baku,Baku City Circuit,40.3725,49.8533,albon,ALB,Alexander Albon,Thai,23,williams,Williams,7,7,6.0,9,51,Finished,202.07,1:46.947,5.0,2,False,False,True,False,12.0,13.0,0,12.0,1.0,20.287,20.287,10.0,1:42.859
2024,17,Azerbaijan Grand Prix,2024-09-15,Azerbaijan,Baku,Baku City Circuit,40.3725,49.8533,colapinto,COL,Franco Colapinto,Argentine,43,williams,Williams,8,8,4.0,8,51,Finished,201.454,1:47.274,12.0,0,False,False,True,False,4.0,19.0,0,4.0,1.0,20.596,20.596,9.0,1:42.530
2024,17,Azerbaijan Grand Prix,2024-09-15,Azerbaijan,Baku,Baku City Circuit,40.3725,49.8533,hamilton,HAM,Lewis Hamilton,British,44,mercedes,Mercedes,9,9,2.0,19,51,Finished,201.525,1:47.236,11.0,10,False,False,True,False,166.0,6.0,2,156.0,1.0,21.289,21.289,7.0,1:42.289
2024,17,Azerbaijan Grand Prix,2024-09-15,Azerbaijan,Baku,Baku City Circuit,40.3725,49.8533,bearman,BEA,Oliver Bearman,British,50,haas,Haas F1 Team,10,10,1.0,10,51,Finished,201.879,1:47.048,7.0,0,False,False,True,False,7.0,16.0,0,7.0,1.0,21.276,21.276,11.0,
2024,17,Azerbaijan Grand Prix,2024-09-15,Azerbaijan,Baku,Baku City Circuit,40.3725,49.8533,hulkenberg,HUL,Nico Hülkenberg,German,27,haas,Haas F1 Team,11,11,0.0,12,51,Finished,200.674,1:47.691,14.0,1,False,False,True,False,22.0,11.0,0,20.0,1.0,21.617,21.617,13.0,
2024,17,Azerbaijan Grand Prix,2024-09-15,Azerbaijan,Baku,Baku City Circuit,40.3725,49.8533,gasly,GAS,Pierre Gasly,French,10,alpine,Alpine F1 Team,12,12,0.0,18,51,Finished,200.066,1:48.018,15.0,6,False,False,True,False,8.0,15.0,0,8.0,1.0,20.257,20.257,15.0,
2024,17,Azerbaijan Grand Prix,2024-09-15,Azerbaijan,Baku,Baku City Circuit,40.3725,49.8533,ricciardo,RIC,Daniel Ricciardo,Australian,3,rb,RB F1 Team,13,13,0.0,14,51,Finished,199.398,1:48.380,17.0,1,False,False,True,False,12.0,14.0,0,7.0,1.0,21.984,21.984,15.0,
2024,17,Azerbaijan Grand Prix,2024-09-15,Azerbaijan,Baku,Baku City Circuit,40.3725,49.8533,zhou,ZHO,Guanyu Zhou,Chinese,24,sauber,Sauber,14,14,0.0,17,51,Finished,200.761,1:47.644,13.0,3,False,False,True,False,0.0,20.0,0,0.0,1.0,20.52,20.52,18.0,
2024,17,Azerbaijan Grand Prix,2024-09-15,Azerbaijan,Baku,Baku City Circuit,40.3725,49.8533,ocon,OCO,Esteban Ocon,French,31,alpine,Alpine F1 Team,15,15,0.0,20,50,Lapped,198.572,1:48.831,19.0,5,False,False,False,True,5.0,18.0,0,5.0,1.0,20.634,20.634,19.0,
2024,17,Azerbaijan Grand Prix,2024-09-15,Azerbaijan,Baku,Baku City Circuit,40.3725,49.8533,bottas,BOT,Valtteri Bottas,Finnish,77,sauber,Sauber,16,16,0.0,16,50,Lapped,199.328,1:48.418,18.0,0,False,False,False,True,0.0,22.0,0,0.0,1.0,20.045,20.045,17.0,
2024,17,Azerbaijan Grand Prix,2024-09-15,Azerbaijan,Baku,Baku City Circuit,40.3725,49.8533,perez,PER,Sergio Pérez,Mexican,11,red_bull,Red Bull,17,17,0.0,4,49,Retired,201.945,1:47.013,6.0,-13,False,False,False,True,143.0,8.0,0,130.0,1.0,20.63,20.63,4.0,1:41.813
2024,17,Azerbaijan Grand Prix,2024-09-15,Azerbaijan,Baku,Baku City Circuit,40.3725,49.8533,sainz,SAI,Carlos Sainz,Spanish,55,ferrari,Ferrari,18,18,0.0,3,49,Retired,202.223,1:46.866,4.0,-15,False,False,False,True,184.0,5.0,1,172.0,1.0,21.483,21.483,3.0,1:41.805
2024,17,Azerbaijan Grand Prix,2024-09-15,Azerbaijan,Baku,Baku City Circuit,40.3725,49.8533,stroll,STR,Lance Stroll,Canadian,18,aston_martin,Aston Martin,19,19,0.0,13,45,Retired,199.826,1:48.148,16.0,-6,False,False,False,True,24.0,10.0,0,24.0,2.0,20.6685,20.214,14.0,
2024,17,Azerbaijan Grand Prix,2024-09-15,Azerbaijan,Baku,Baku City Circuit,40.3725,49.8533,tsunoda,TSU,Yuki Tsunoda,Japanese,22,rb,RB F1 Team,20,R,0.0,11,14,Retired,194.89,1:50.887,20.0,-9,False,False,False,True,22.0,12.0,0,21.0,1.0,20.922,20.922,12.0,
2024,18,Singapore Grand Prix,2024-09-22,Singapore,Marina Bay,Marina Bay Street Circuit,1.2914,103.864,norris,NOR,Lando Norris,British,4,mclaren,McLaren,1,1,25.0,1,62,Finished,187.347,1:34.925,2.0,0,True,True,True,False,279.0,2.0,3,270.0,1.0,29.091,29.091,1.0,1:29.525
2024,18,Singapore Grand Prix,2024-09-22,Singapore,Marina Bay,Marina Bay Street Circuit,1.2914,103.864,max_verstappen,VER,Max Verstappen,Dutch,1,red_bull,Red Bull,2,2,18.0,2,62,Finished,185.313,1:35.967,5.0,0,False,True,True,False,331.0,1.0,7,307.0,1.0,29.655,29.655,2.0,1:29.728
2024,18,Singapore Grand Prix,2024-09-22,Singapore,Marina Bay,Marina Bay Street Circuit,1.2914,103.864,piastri,PIA,Oscar Piastri,Australian,81,mclaren,McLaren,3,3,15.0,5,62,Finished,185.743,1:35.745,4.0,2,False,True,True,False,237.0,4.0,2,225.0,1.0,29.152,29.152,5.0,1:29.953
2024,18,Singapore Grand Prix,2024-09-22,Singapore,Marina Bay,Marina Bay Street Circuit,1.2914,103.864,russell,RUS,George Russell,British,63,mercedes,Mercedes,4,4,12.0,4,62,Finished,183.251,1:37.047,10.0,0,False,False,True,False,155.0,7.0,1,149.0,1.0,28.739,28.739,4.0,1:29.867
2024,18,Singapore Grand Prix,2024-09-22,Singapore,Marina Bay,Marina Bay Street Circuit,1.2914,103.864,leclerc,LEC,Charles Leclerc,Monegasque,16,ferrari,Ferrari,5,5,10.0,9,62,Finished,186.471,1:35.371,3.0,4,False,False,True,False,245.0,3.0,2,231.0,1.0,29.042,29.042,9.0,
2024,18,Singapore Grand Prix,2024-09-22,Singapore,Marina Bay,Marina Bay Street Circuit,1.2914,103.864,hamilton,HAM,Lewis Hamilton,British,44,mercedes,Mercedes,6,6,8.0,3,62,Finished,182.6,1:37.393,12.0,-3,False,False,True,False,174.0,6.0,2,164.0,1.0,29.272,29.272,3.0,1:29.841
2024,18,Singapore Grand Prix,2024-09-22,Singapore,Marina Bay,Marina Bay Street Circuit,1.2914,103.864,sainz,SAI,Carlos Sainz,Spanish,55,ferrari,Ferrari,7,7,6.0,10,62,Finished,184.173,1:36.561,7.0,3,False,False,True,False,190.0,5.0,1,178.0,1.0,29.385,29.385,10.0,
2024,18,Singapore Grand Prix,2024-09-22,Singapore,Marina Bay,Marina Bay Street Circuit,1.2914,103.864,alonso,ALO,Fernando Alonso,Spanish,14,aston_martin,Aston Martin,8,8,4.0,7,61,Lapped,181.95,1:37.741,18.0,-1,False,False,False,True,62.0,9.0,0,62.0,1.0,29.251,29.251,7.0,1:30.214
2024,18,Singapore Grand Prix,2024-09-22,Singapore,Marina Bay,Marina Bay Street Circuit,1.2914,103.864,hulkenberg,HUL,Nico Hülkenberg,German,27,haas,Haas F1 Team,9,9,2.0,6,61,Lapped,182.456,1:37.470,15.0,-3,False,False,False,True,24.0,10.0,0,22.0,1.0,29.808,29.808,6.0,1:30.115
2024,18,Singapore Grand Prix,2024-09-22,Singapore,Marina Bay,Marina Bay Street Circuit,1.2914,103.864,perez,PER,Sergio Pérez,Mexican,11,red_bull,Red Bull,10,10,1.0,13,61,Lapped,182.443,1:37.477,16.0,3,False,False,False,True,144.0,8.0,0,131.0,1.0,28.99,28.99,13.0,
2024,18,Singapore Grand Prix,2024-09-22,Singapore,Marina Bay,Marina Bay Street Circuit,1.2914,103.864,colapinto,COL,Franco Colapinto,Argentine,43,williams,Williams,11,11,0.0,12,61,Lapped,182.846,1:37.262,11.0,1,False,False,False,True,4.0,19.0,0,4.0,1.0,29.772,29.772,12.0,
2024,18,Singapore Grand Prix,2024-09-22,Singapore,Marina Bay,Marina Bay Street Circuit,1.2914,103.864,tsunoda,TSU,Yuki Tsunoda,Japanese,22,rb,RB F1 Team,12,12,0.0,8,61,Lapped,184.494,1:36.393,6.0,-4,False,False,False,True,22.0,12.0,0,21.0,1.0,29.662,29.662,8.0,1:30.354
2024,18,Singapore Grand Prix,2024-09-22,Singapore,Marina Bay,Marina Bay Street Circuit,1.2914,103.864,ocon,OCO,Esteban Ocon,French,31,alpine,Alpine F1 Team,13,13,0.0,15,61,Lapped,181.536,1:37.964,20.0,2,False,False,False,True,5.0,18.0,0,5.0,1.0,29.601,29.601,15.0,
2024,18,Singapore Grand Prix,2024-09-22,Singapore,Marina Bay,Marina Bay Street Circuit,1.2914,103.864,stroll,STR,Lance Stroll,Canadian,18,aston_martin,Aston Martin,14,14,0.0,17,61,Lapped,181.745,1:37.851,19.0,3,False,False,False,True,24.0,11.0,0,24.0,1.0,29.816,29.816,17.0,
2024,18,Singapore Grand Prix,2024-09-22,Singapore,Marina Bay,Marina Bay Street Circuit,1.2914,103.864,zhou,ZHO,Guanyu Zhou,Chinese,24,sauber,Sauber,15,15,0.0,20,61,Lapped,182.472,1:37.461,14.0,5,False,False,False,True,0.0,20.0,0,0.0,1.0,29.36,29.36,20.0,
2024,18,Singapore Grand Prix,2024-09-22,Singapore,Marina Bay,Marina Bay Street Circuit,1.2914,103.864,bottas,BOT,Valtteri Bottas,Finnish,77,sauber,Sauber,16,16,0.0,19,61,Lapped,182.355,1:37.524,17.0,3,False,False,False,True,0.0,22.0,0,0.0,1.0,30.423,30.423,19.0,
2024,18,Singapore Grand Prix,2024-09-22,Singapore,Marina Bay,Marina Bay Street Circuit,1.2914,103.864,gasly,GAS,Pierre Gasly,French,10,alpine,Alpine F1 Team,17,17,0.0,18,61,Lapped,183.478,1:36.927,9.0,1,False,False,False,True,8.0,15.0,0,8.0,1.0,31.509,31.509,18.0,
2024,18,Singapore Grand Prix,2024-09-22,Singapore,Marina Bay,Marina Bay Street Circuit,1.2914,103.864,ricciardo,RIC,Daniel Ricciardo,Australian,3,rb,RB F1 Team,18,18,0.0,16,61,Lapped,188.218,1:34.486,1.0,-2,False,False,False,True,12.0,14.0,0,7.0,3.0,29.67833333333333,29.066,16.0,
2024,18,Singapore Grand Prix,2024-09-22,Singapore,Marina Bay,Marina Bay Street Circuit,1.2914,103.864,kevin_magnussen,MAG,Kevin Magnussen,Danish,20,haas,Haas F1 Team,19,19,0.0,14,57,Retired,182.54,1:37.425,13.0,-5,False,False,False,True,6.0,17.0,0,6.0,2.0,30.499000000000002,29.707,14.0,
2024,18,Singapore Grand Prix,2024-09-22,Singapore,Marina Bay,Marina Bay Street Circuit,1.2914,103.864,albon,ALB,Alexander Albon,Thai,23,williams,Williams,20,R,0.0,11,15,Retired,183.552,1:36.888,8.0,-9,False,False,False,True,12.0,13.0,0,12.0,1.0,29.126,29.126,11.0,
2024,19,United States Grand Prix,2024-10-20,USA,Austin,Circuit of the Americas,30.1328,-97.6411,leclerc,LEC,Charles Leclerc,Monegasque,16,ferrari,Ferrari,1,1,25.0,4,56,Finished,202.861,1:37.834,6.0,3,True,True,True,False,275.0,3.0,3,256.0,1.0,23.817,23.817,4.0,1:32.740
2024,19,United States Grand Prix,2024-10-20,USA,Austin,Circuit of the Americas,30.1328,-97.6411,sainz,SAI,Carlos Sainz,Spanish,55,ferrari,Ferrari,2,2,18.0,3,56,Finished,203.009,1:37.763,5.0,1,False,True,True,False,215.0,5.0,1,196.0,1.0,23.963,23.963,3.0,1:32.652
2024,19,United States Grand Prix,2024-10-20,USA,Austin,Circuit of the Americas,30.1328,-97.6411,max_verstappen,VER,Max Verstappen,Dutch,1,red_bull,Red Bull,3,3,15.0,2,56,Finished,202.276,1:38.117,9.0,-1,False,True,True,False,354.0,1.0,7,322.0,1.0,24.228,24.228,2.0,1:32.361
2024,19,United States Grand Prix,2024-10-20,USA,Austin,Circuit of the Americas,30.1328,-97.6411,norris,NOR,Lando Norris,British,4,mclaren,McLaren,4,4,12.0,1,56,Finished,203.183,1:37.679,4.0,-3,False,False,True,False,297.0,2.0,3,282.0,1.0,23.731,23.731,1.0,1:32.330
2024,19,United States Grand Prix,2024-10-20,USA,Austin,Circuit of the Americas,30.1328,-97.6411,piastri,PIA,Oscar Piastri,Australian,81,mclaren,McLaren,5,5,10.0,5,56,Finished,202.76,1:37.883,7.0,0,False,False,True,False,247.0,4.0,2,235.0,1.0,24.107,24.107,5.0,1:32.950
2024,19,United States Grand Prix,2024-10-20,USA,Austin,Circuit of the Americas,30.1328,-97.6411,russell,RUS,George Russell,British,63,mercedes,Mercedes,6,6,8.0,20,56,Finished,203.231,1:37.656,3.0,14,False,False,True,False,167.0,7.0,1,157.0,1.0,29.327,29.327,6.0,1:32.974
2024,19,United States Grand Prix,2024-10-20,USA,Austin,Circuit of the Americas,30.1328,-97.6411,perez,PER,Sergio Pérez,Mexican,11,red_bull,Red Bull,7,7,6.0,9,56,Finished,201.461,1:38.514,13.0,2,False,False,True,False,150.0,8.0,0,137.0,1.0,23.58,23.58,10.0,
2024,19,United States Grand Prix,2024-10-20,USA,Austin,Circuit of the Americas,30.1328,-97.6411,hulkenberg,HUL,Nico Hülkenberg,German,27,haas,Haas F1 Team,8,8,4.0,11,56,Finished,201.686,1:38.404,12.0,3,False,False,True,False,29.0,10.0,0,26.0,1.0,24.5,24.5,12.0,
2024,19,United States Grand Prix,2024-10-20,USA,Austin,Circuit of the Americas,30.1328,-97.6411,lawson,LAW,Liam Lawson,New Zealander,30,rb,RB F1 Team,9,9,2.0,19,56,Finished,202.33,1:38.091,8.0,10,False,False,True,False,2.0,20.0,0,2.0,1.0,23.839,23.839,15.0,
2024,19,United States Grand Prix,2024-10-20,USA,Austin,Circuit of the Americas,30.1328,-97.6411,colapinto,COL,Franco Colapinto,Argentine,43,williams,Williams,10,10,1.0,15,56,Finished,203.325,1:37.611,2.0,5,False,False,True,False,5.0,18.0,0,5.0,1.0,23.971,23.971,17.0,
2024,19,United States Grand Prix,2024-10-20,USA,Austin,Circuit of the Americas,30.1328,-97.6411,kevin_magnussen,MAG,Kevin Magnussen,Danish,20,haas,Haas F1 Team,11,11,0.0,8,56,Finished,202.085,1:38.210,10.0,-3,False,False,True,False,8.0,15.0,0,6.0,2.0,24.0265,23.966,9.0,1:33.481
2024,19,United States Grand Prix,2024-10-20,USA,Austin,Circuit of the Americas,30.1328,-97.6411,gasly,GAS,Pierre Gasly,French,10,alpine,Alpine F1 Team,12,12,0.0,6,56,Finished,201.877,1:38.311,11.0,-6,False,False,True,False,8.0,16.0,0,8.0,1.0,28.228,28.228,7.0,1:33.018
2024,19,United States Grand Prix,2024-10-20,USA,Austin,Circuit of the Americas,30.1328,-97.6411,alonso,ALO,Fernando Alonso,Spanish,14,aston_martin,Aston Martin,13,13,0.0,7,55,Lapped,199.945,1:39.261,17.0,-6,False,False,False,True,62.0,9.0,0,62.0,1.0,24.247,24.247,8.0,1:33.309
2024,19,United States Grand Prix,2024-10-20,USA,Austin,Circuit of the Americas,30.1328,-97.6411,tsunoda,TSU,Yuki Tsunoda,Japanese,22,rb,RB F1 Team,14,14,0.0,10,55,Lapped,200.082,1:39.193,15.0,-4,False,False,False,True,22.0,12.0,0,21.0,1.0,24.193,24.193,11.0,
2024,19,United States Grand Prix,2024-10-20,USA,Austin,Circuit of the Americas,30.1328,-97.6411,stroll,STR,Lance Stroll,Canadian,18,aston_martin,Aston Martin,15,15,0.0,13,55,Lapped,200.04,1:39.214,16.0,-2,False,False,False,True,24.0,11.0,0,24.0,1.0,26.399,26.399,14.0,
2024,19,United States Grand Prix,2024-10-20,USA,Austin,Circuit of the Americas,30.1328,-97.6411,albon,ALB,Alexander Albon,Thai,23,williams,Williams,16,16,0.0,14,55,Lapped,200.302,1:39.084,14.0,-2,False,False,False,True,12.0,13.0,0,12.0,2.0,29.686999999999998,24.391,16.0,
2024,19,United States Grand Prix,2024-10-20,USA,Austin,Circuit of the Americas,30.1328,-97.6411,bottas,BOT,Valtteri Bottas,Finnish,77,sauber,Sauber,17,17,0.0,16,55,Lapped,197.333,1:40.575,19.0,-1,False,False,False,True,0.0,23.0,0,0.0,1.0,24.439,24.439,18.0,
2024,19,United States Grand Prix,2024-10-20,USA,Austin,Circuit of the Americas,30.1328,-97.6411,ocon,OCO,Esteban Ocon,French,31,alpine,Alpine F1 Team,18,18,0.0,12,55,Lapped,203.912,1:37.330,1.0,-6,False,False,False,True,5.0,19.0,0,5.0,2.0,25.1655,24.156,13.0,
2024,19,United States Grand Prix,2024-10-20,USA,Austin,Circuit of the Americas,30.1328,-97.6411,zhou,ZHO,Guanyu Zhou,Chinese,24,sauber,Sauber,19,19,0.0,18,55,Lapped,199.923,1:39.272,18.0,-1,False,False,False,True,0.0,21.0,0,0.0,2.0,24.6615,24.433,20.0,
2024,19,United States Grand Prix,2024-10-20,USA,Austin,Circuit of the Americas,30.1328,-97.6411,hamilton,HAM,Lewis Hamilton,British,44,mercedes,Mercedes,20,R,0.0,17,1,Retired,,,,-3,False,False,False,True,177.0,6.0,2,164.0,,,,19.0,
2024,20,Mexico City Grand Prix,2024-10-27,Mexico,Mexico City,Autódromo Hermanos Rodríguez,19.4042,-99.0907,sainz,SAI,Carlos Sainz,Spanish,55,ferrari,Ferrari,1,1,25.0,1,71,Finished,193.348,1:20.137,7.0,0,True,True,True,False,240.0,5.0,2,221.0,1.0,22.249,22.249,1.0,1:15.946
2024,20,Mexico City Grand Prix,2024-10-27,Mexico,Mexico City,Autódromo Hermanos Rodríguez,19.4042,-99.0907,norris,NOR,Lando Norris,British,4,mclaren,McLaren,2,2,18.0,3,71,Finished,194.43,1:19.691,4.0,1,False,True,True,False,315.0,2.0,3,300.0,1.0,22.111,22.111,3.0,1:16.260
2024,20,Mexico City Grand Prix,2024-10-27,Mexico,Mexico City,Autódromo Hermanos Rodríguez,19.4042,-99.0907,leclerc,LEC,Charles Leclerc,Monegasque,16,ferrari,Ferrari,3,3,16.0,4,71,Finished,197.794,1:18.336,1.0,1,False,True,True,False,291.0,3.0,3,272.0,2.0,22.775,22.69,4.0,1:16.265
2024,20,Mexico City Grand Prix,2024-10-27,Mexico,Mexico City,Autódromo Hermanos Rodríguez,19.4042,-99.0907,hamilton,HAM,Lewis Hamilton,British,44,mercedes,Mercedes,4,4,12.0,6,71,Finished,192.785,1:20.371,8.0,2,False,False,True,False,189.0,6.0,2,176.0,1.0,22.538,22.538,6.0,1:16.651
2024,20,Mexico City Grand Prix,2024-10-27,Mexico,Mexico City,Autódromo Hermanos Rodríguez,19.4042,-99.0907,russell,RUS,George Russell,British,63,mercedes,Mercedes,5,5,10.0,5,71,Finished,191.926,1:20.731,11.0,0,False,False,True,False,177.0,7.0,1,167.0,1.0,22.462,22.462,5.0,1:16.356
2024,20,Mexico City Grand Prix,2024-10-27,Mexico,Mexico City,Autódromo Hermanos Rodríguez,19.4042,-99.0907,max_verstappen,VER,Max Verstappen,Dutch,1,red_bull,Red Bull,6,6,8.0,2,71,Finished,191.591,1:20.872,13.0,-4,False,False,True,False,362.0,1.0,7,330.0,1.0,43.73,43.73,2.0,1:16.171
2024,20,Mexico City Grand Prix,2024-10-27,Mexico,Mexico City,Autódromo Hermanos Rodríguez,19.4042,-99.0907,kevin_magnussen,MAG,Kevin Magnussen,Danish,20,haas,Haas F1 Team,7,7,6.0,7,71,Finished,192.15,1:20.637,9.0,0,False,False,True,False,14.0,13.0,0,12.0,1.0,23.332,23.332,7.0,1:16.886
2024,20,Mexico City Grand Prix,2024-10-27,Mexico,Mexico City,Autódromo Hermanos Rodríguez,19.4042,-99.0907,piastri,PIA,Oscar Piastri,Australian,81,mclaren,McLaren,8,8,4.0,17,71,Finished,193.525,1:20.064,5.0,9,False,False,True,False,251.0,4.0,2,239.0,1.0,21.825,21.825,17.0,
2024,20,Mexico City Grand Prix,2024-10-27,Mexico,Mexico City,Autódromo Hermanos Rodríguez,19.4042,-99.0907,hulkenberg,HUL,Nico Hülkenberg,German,27,haas,Haas F1 Team,9,9,2.0,10,70,Lapped,191.885,1:20.748,12.0,1,False,False,False,True,31.0,10.0,0,28.0,1.0,23.077,23.077,10.0,1:17.365
2024,20,Mexico City Grand Prix,2024-10-27,Mexico,Mexico City,Autódromo Hermanos Rodríguez,19.4042,-99.0907,gasly,GAS,Pierre Gasly,French,10,alpine,Alpine F1 Team,10,10,1.0,8,70,Lapped,190.643,1:21.274,15.0,-2,False,False,False,True,9.0,16.0,0,9.0,1.0,23.204,23.204,8.0,1:16.892
2024,20,Mexico City Grand Prix,2024-10-27,Mexico,Mexico City,Autódromo Hermanos Rodríguez,19.4042,-99.0907,stroll,STR,Lance Stroll,Canadian,18,aston_martin,Aston Martin,11,11,0.0,14,70,Lapped,190.557,1:21.311,16.0,3,False,False,False,True,24.0,11.0,0,24.0,1.0,22.592,22.592,14.0,
2024,20,Mexico City Grand Prix,2024-10-27,Mexico,Mexico City,Autódromo Hermanos Rodríguez,19.4042,-99.0907,colapinto,COL,Franco Colapinto,Argentine,43,williams,Williams,12,12,0.0,16,70,Lapped,193.462,1:20.090,6.0,4,False,False,False,True,5.0,18.0,0,5.0,1.0,23.895,23.895,16.0,
2024,20,Mexico City Grand Prix,2024-10-27,Mexico,Mexico City,Autódromo Hermanos Rodríguez,19.4042,-99.0907,ocon,OCO,Esteban Ocon,French,31,alpine,Alpine F1 Team,13,13,0.0,0,70,Lapped,192.097,1:20.659,10.0,-13,False,False,False,True,5.0,19.0,0,5.0,1.0,23.245,23.245,19.0,
2024,20,Mexico City Grand Prix,2024-10-27,Mexico,Mexico City,Autódromo Hermanos Rodríguez,19.4042,-99.0907,bottas,BOT,Valtteri Bottas,Finnish,77,sauber,Sauber,14,14,0.0,15,70,Lapped,191.088,1:21.085,14.0,1,False,False,False,True,0.0,23.0,0,0.0,1.0,22.505,22.505,15.0,
2024,20,Mexico City Grand Prix,2024-10-27,Mexico,Mexico City,Autódromo Hermanos Rodríguez,19.4042,-99.0907,zhou,ZHO,Guanyu Zhou,Chinese,24,sauber,Sauber,15,15,0.0,19,70,Lapped,189.991,1:21.553,17.0,4,False,False,False,True,0.0,21.0,0,0.0,1.0,22.935,22.935,20.0,
2024,20,Mexico City Grand Prix,2024-10-27,Mexico,Mexico City,Autódromo Hermanos Rodríguez,19.4042,-99.0907,lawson,LAW,Liam Lawson,New Zealander,30,rb,RB F1 Team,16,16,0.0,12,70,Lapped,194.893,1:19.502,3.0,-4,False,False,False,True,2.0,20.0,0,2.0,2.0,26.4425,22.586,12.0,
2024,20,Mexico City Grand Prix,2024-10-27,Mexico,Mexico City,Autódromo Hermanos Rodríguez,19.4042,-99.0907,perez,PER,Sergio Pérez,Mexican,11,red_bull,Red Bull,17,17,0.0,18,70,Lapped,195.614,1:19.209,2.0,1,False,False,False,True,150.0,8.0,0,137.0,3.0,23.941333333333333,21.92,18.0,
2024,20,Mexico City Grand Prix,2024-10-27,Mexico,Mexico City,Autódromo Hermanos Rodríguez,19.4042,-99.0907,alonso,ALO,Fernando Alonso,Spanish,14,aston_martin,Aston Martin,18,R,0.0,13,15,Retired,187.306,1:22.722,18.0,-5,False,False,False,True,62.0,9.0,0,62.0,,,,13.0,
2024,20,Mexico City Grand Prix,2024-10-27,Mexico,Mexico City,Autódromo Hermanos Rodríguez,19.4042,-99.0907,albon,ALB,Alexander Albon,Thai,23,williams,Williams,19,R,0.0,9,0,Retired,,,,-10,False,False,False,True,12.0,14.0,0,12.0,,,,9.0,1:17.065
2024,20,Mexico City Grand Prix,2024-10-27,Mexico,Mexico City,Autódromo Hermanos Rodríguez,19.4042,-99.0907,tsunoda,TSU,Yuki Tsunoda,Japanese,22,rb,RB F1 Team,20,R,0.0,11,0,Retired,,,,-9,False,False,False,True,22.0,12.0,0,21.0,,,,11.0,
2024,21,São Paulo Grand Prix,2024-11-03,Brazil,São Paulo,Autódromo José Carlos Pace,-23.7036,-46.6997,max_verstappen,VER,Max Verstappen,Dutch,1,red_bull,Red Bull,1,1,26.0,17,69,Finished,192.767,1:20.472,1.0,16,True,True,True,False,393.0,1.0,8,356.0,,,,12.0,
2024,21,São Paulo Grand Prix,2024-11-03,Brazil,São Paulo,Autódromo José Carlos Pace,-23.7036,-46.6997,ocon,OCO,Esteban Ocon,French,31,alpine,Alpine F1 Team,2,2,18.0,4,69,Finished,189.705,1:21.771,7.0,2,False,True,True,False,23.0,14.0,0,23.0,,,,4.0,1:24.475
2024,21,São Paulo Grand Prix,2024-11-03,Brazil,São Paulo,Autódromo José Carlos Pace,-23.7036,-46.6997,gasly,GAS,Pierre Gasly,French,10,alpine,Alpine F1 Team,3,3,15.0,13,69,Finished,189.998,1:21.645,5.0,10,False,True,True,False,26.0,12.0,0,24.0,,,,15.0,
2024,21,São Paulo Grand Prix,2024-11-03,Brazil,São Paulo,Autódromo José Carlos Pace,-23.7036,-46.6997,russell,RUS,George Russell,British,63,mercedes,Mercedes,4,4,12.0,2,69,Finished,189.998,1:21.645,6.0,-2,False,False,True,False,192.0,6.0,1,179.0,1.0,25.698,25.698,2.0,1:23.578
2024,21,São Paulo Grand Prix,2024-11-03,Brazil,São Paulo,Autódromo José Carlos Pace,-23.7036,-46.6997,leclerc,LEC,Charles Leclerc,Monegasque,16,ferrari,Ferrari,5,5,10.0,6,69,Finished,190.03,1:21.631,4.0,1,False,False,True,False,307.0,3.0,3,282.0,1.0,24.573,24.573,6.0,1:24.525
2024,21,São Paulo Grand Prix,2024-11-03,Brazil,São Paulo,Autódromo José Carlos Pace,-23.7036,-46.6997,norris,NOR,Lando Norris,British,4,mclaren,McLaren,6,6,8.0,1,69,Finished,190.296,1:21.517,2.0,-5,False,False,True,False,331.0,2.0,3,308.0,1.0,24.764,24.764,1.0,1:23.405
2024,21,São Paulo Grand Prix,2024-11-03,Brazil,São Paulo,Autódromo José Carlos Pace,-23.7036,-46.6997,tsunoda,TSU,Yuki Tsunoda,Japanese,22,rb,RB F1 Team,7,7,6.0,3,69,Finished,189.573,1:21.828,8.0,-4,False,False,True,False,28.0,11.0,0,27.0,1.0,25.431,25.431,3.0,1:24.111
2024,21,São Paulo Grand Prix,2024-11-03,Brazil,São Paulo,Autódromo José Carlos Pace,-23.7036,-46.6997,piastri,PIA,Oscar Piastri,Australian,81,mclaren,McLaren,8,8,4.0,8,69,Finished,190.261,1:21.532,3.0,0,False,False,True,False,262.0,4.0,2,243.0,1.0,26.05,26.05,8.0,1:24.686
2024,21,São Paulo Grand Prix,2024-11-03,Brazil,São Paulo,Autódromo José Carlos Pace,-23.7036,-46.6997,lawson,LAW,Liam Lawson,New Zealander,30,rb,RB F1 Team,9,9,2.0,5,69,Finished,188.892,1:22.123,10.0,-4,False,False,True,False,4.0,20.0,0,4.0,1.0,28.167,28.167,5.0,1:24.484
2024,21,São Paulo Grand Prix,2024-11-03,Brazil,São Paulo,Autódromo José Carlos Pace,-23.7036,-46.6997,hamilton,HAM,Lewis Hamilton,British,44,mercedes,Mercedes,10,10,1.0,14,69,Finished,189.081,1:22.041,9.0,4,False,False,True,False,190.0,7.0,2,177.0,1.0,25.205,25.205,16.0,
2024,21,São Paulo Grand Prix,2024-11-03,Brazil,São Paulo,Autódromo José Carlos Pace,-23.7036,-46.6997,perez,PER,Sergio Pérez,Mexican,11,red_bull,Red Bull,11,11,0.0,12,69,Finished,188.846,1:22.143,11.0,1,False,False,True,False,151.0,8.0,0,137.0,1.0,26.692,26.692,13.0,
2024,21,São Paulo Grand Prix,2024-11-03,Brazil,São Paulo,Autódromo José Carlos Pace,-23.7036,-46.6997,bearman,BEA,Oliver Bearman,British,50,haas,Haas F1 Team,12,12,0.0,15,69,Finished,188.042,1:22.494,13.0,3,False,False,True,False,7.0,18.0,0,7.0,1.0,35.755,35.755,17.0,
2024,21,São Paulo Grand Prix,2024-11-03,Brazil,São Paulo,Autódromo José Carlos Pace,-23.7036,-46.6997,bottas,BOT,Valtteri Bottas,Finnish,77,sauber,Sauber,13,13,0.0,11,69,Finished,187.173,1:22.877,14.0,-2,False,False,True,False,0.0,23.0,0,0.0,,,,11.0,
2024,21,São Paulo Grand Prix,2024-11-03,Brazil,São Paulo,Autódromo José Carlos Pace,-23.7036,-46.6997,alonso,ALO,Fernando Alonso,Spanish,14,aston_martin,Aston Martin,14,14,0.0,9,69,Finished,188.502,1:22.293,12.0,-5,False,False,True,False,62.0,9.0,0,62.0,1.0,25.107,25.107,9.0,1:28.998
2024,21,São Paulo Grand Prix,2024-11-03,Brazil,São Paulo,Autódromo José Carlos Pace,-23.7036,-46.6997,zhou,ZHO,Guanyu Zhou,Chinese,24,sauber,Sauber,15,15,0.0,19,69,Finished,186.765,1:23.058,15.0,4,False,False,True,False,0.0,21.0,0,0.0,2.0,26.1575,25.248,20.0,
2024,21,São Paulo Grand Prix,2024-11-03,Brazil,São Paulo,Autódromo José Carlos Pace,-23.7036,-46.6997,sainz,SAI,Carlos Sainz,Spanish,55,ferrari,Ferrari,16,R,0.0,20,38,Retired,184.23,1:24.201,16.0,4,False,False,False,True,244.0,5.0,2,221.0,1.0,25.92,25.92,14.0,
2024,21,São Paulo Grand Prix,2024-11-03,Brazil,São Paulo,Autódromo José Carlos Pace,-23.7036,-46.6997,colapinto,COL,Franco Colapinto,Argentine,43,williams,Williams,17,R,0.0,16,30,Retired,184.022,1:24.296,17.0,-1,False,False,False,True,5.0,19.0,0,5.0,2.0,25.262999999999998,25.239,18.0,
2024,21,São Paulo Grand Prix,2024-11-03,Brazil,São Paulo,Autódromo José Carlos Pace,-23.7036,-46.6997,albon,ALB,Alexander Albon,Thai,23,williams,Williams,18,W,0.0,7,0,Did not start,,,,-11,False,False,False,True,12.0,16.0,0,12.0,,,,7.0,1:24.657
2024,21,São Paulo Grand Prix,2024-11-03,Brazil,São Paulo,Autódromo José Carlos Pace,-23.7036,-46.6997,stroll,STR,Lance Stroll,Canadian,18,aston_martin,Aston Martin,19,W,0.0,10,0,Did not start,,,,-9,False,False,False,True,24.0,13.0,0,24.0,,,,10.0,
2024,21,São Paulo Grand Prix,2024-11-03,Brazil,São Paulo,Autódromo José Carlos Pace,-23.7036,-46.6997,hulkenberg,HUL,Nico Hülkenberg,German,27,haas,Haas F1 Team,20,D,0.0,18,0,Disqualified,,,,-2,False,False,False,True,31.0,10.0,0,28.0,3.0,37.64766666666667,25.369,19.0,
2024,22,Las Vegas Grand Prix,2024-11-23,USA,Las Vegas,Las Vegas Strip Street Circuit,36.1147,-115.173,russell,RUS,George Russell,British,63,mercedes,Mercedes,1,1,25.0,1,50,Finished,233.225,1:35.717,4.0,0,True,True,True,False,217.0,6.0,2,204.0,2.0,21.0235,20.975,1.0,1:32.312
2024,22,Las Vegas Grand Prix,2024-11-23,USA,Las Vegas,Las Vegas Strip Street Circuit,36.1147,-115.173,hamilton,HAM,Lewis Hamilton,British,44,mercedes,Mercedes,2,2,18.0,10,50,Finished,233.803,1:35.480,2.0,8,False,True,True,False,208.0,7.0,2,195.0,2.0,21.211,21.067,10.0,1:48.106
2024,22,Las Vegas Grand Prix,2024-11-23,USA,Las Vegas,Las Vegas Strip Street Circuit,36.1147,-115.173,sainz,SAI,Carlos Sainz,Spanish,55,ferrari,Ferrari,3,3,15.0,2,50,Finished,232.84,1:35.875,5.0,-1,False,True,True,False,259.0,5.0,2,236.0,2.0,20.9635,20.879,2.0,1:32.410
2024,22,Las Vegas Grand Prix,2024-11-23,USA,Las Vegas,Las Vegas Strip Street Circuit,36.1147,-115.173,leclerc,LEC,Charles Leclerc,Monegasque,16,ferrari,Ferrari,4,4,12.0,4,50,Finished,233.329,1:35.674,3.0,0,False,False,True,False,319.0,3.0,3,294.0,2.0,21.457,21.329,4.0,1:32.783
2024,22,Las Vegas Grand Prix,2024-11-23,USA,Las Vegas,Las Vegas Strip Street Circuit,36.1147,-115.173,max_verstappen,VER,Max Verstappen,Dutch,1,red_bull,Red Bull,5,5,10.0,5,50,Finished,231.938,1:36.248,6.0,0,False,False,True,False,403.0,1.0,8,366.0,2.0,21.4755,20.697,5.0,1:32.797
2024,22,Las Vegas Grand Prix,2024-11-23,USA,Las Vegas,Las Vegas Strip Street Circuit,36.1147,-115.173,norris,NOR,Lando Norris,British,4,mclaren,McLaren,6,6,9.0,6,50,Finished,235.292,1:34.876,1.0,0,False,False,True,False,340.0,2.0,3,317.0,3.0,20.973666666666663,20.668,6.0,1:33.008
2024,22,Las Vegas Grand Prix,2024-11-23,USA,Las Vegas,Las Vegas Strip Street Circuit,36.1147,-115.173,piastri,PIA,Oscar Piastri,Australian,81,mclaren,McLaren,7,7,6.0,8,50,Finished,231.097,1:36.598,13.0,1,False,False,True,False,268.0,4.0,2,249.0,2.0,24.407,21.082,8.0,1:33.033
2024,22,Las Vegas Grand Prix,2024-11-23,USA,Las Vegas,Las Vegas Strip Street Circuit,36.1147,-115.173,hulkenberg,HUL,Nico Hülkenberg,German,27,haas,Haas F1 Team,8,8,4.0,9,50,Finished,231.129,1:36.585,12.0,1,False,False,True,False,35.0,10.0,0,32.0,2.0,21.6065,21.511,9.0,1:33.062
2024,22,Las Vegas Grand Prix,2024-11-23,USA,Las Vegas,Las Vegas Strip Street Circuit,36.1147,-115.173,tsunoda,TSU,Yuki Tsunoda,Japanese,22,rb,RB F1 Team,9,9,2.0,7,50,Finished,230.242,1:36.957,16.0,-2,False,False,True,False,30.0,11.0,0,29.0,2.0,21.188,21.168,7.0,1:33.029
2024,22,Las Vegas Grand Prix,2024-11-23,USA,Las Vegas,Las Vegas Strip Street Circuit,36.1147,-115.173,perez,PER,Sergio Pérez,Mexican,11,red_bull,Red Bull,10,10,1.0,15,50,Finished,231.75,1:36.326,8.0,5,False,False,True,False,152.0,8.0,0,138.0,2.0,21.164,21.034,16.0,
2024,22,Las Vegas Grand Prix,2024-11-23,USA,Las Vegas,Las Vegas Strip Street Circuit,36.1147,-115.173,alonso,ALO,Fernando Alonso,Spanish,14,aston_martin,Aston Martin,11,11,0.0,16,50,Finished,231.205,1:36.553,10.0,5,False,False,True,False,62.0,9.0,0,62.0,2.0,21.407,21.407,17.0,
2024,22,Las Vegas Grand Prix,2024-11-23,USA,Las Vegas,Las Vegas Strip Street Circuit,36.1147,-115.173,kevin_magnussen,MAG,Kevin Magnussen,Danish,20,haas,Haas F1 Team,12,12,0.0,12,50,Finished,231.196,1:36.557,11.0,0,False,False,True,False,14.0,15.0,0,12.0,1.0,21.963,21.963,12.0,
2024,22,Las Vegas Grand Prix,2024-11-23,USA,Las Vegas,Las Vegas Strip Street Circuit,36.1147,-115.173,zhou,ZHO,Guanyu Zhou,Chinese,24,sauber,Sauber,13,13,0.0,13,50,Finished,231.755,1:36.324,7.0,0,False,False,True,False,0.0,21.0,0,0.0,2.0,22.360500000000002,21.761,13.0,
2024,22,Las Vegas Grand Prix,2024-11-23,USA,Las Vegas,Las Vegas Strip Street Circuit,36.1147,-115.173,colapinto,COL,Franco Colapinto,Argentine,43,williams,Williams,14,14,0.0,20,50,Finished,230.456,1:36.867,15.0,6,False,False,True,False,5.0,19.0,0,5.0,2.0,21.195500000000003,21.17,14.0,
2024,22,Las Vegas Grand Prix,2024-11-23,USA,Las Vegas,Las Vegas Strip Street Circuit,36.1147,-115.173,stroll,STR,Lance Stroll,Canadian,18,aston_martin,Aston Martin,15,15,0.0,18,50,Finished,229.716,1:37.179,18.0,3,False,False,True,False,24.0,13.0,0,24.0,2.0,28.2255,21.588,20.0,
2024,22,Las Vegas Grand Prix,2024-11-23,USA,Las Vegas,Las Vegas Strip Street Circuit,36.1147,-115.173,lawson,LAW,Liam Lawson,New Zealander,30,rb,RB F1 Team,16,16,0.0,14,50,Finished,230.187,1:36.980,17.0,-2,False,False,True,False,4.0,20.0,0,4.0,2.0,20.8455,20.642,15.0,
2024,22,Las Vegas Grand Prix,2024-11-23,USA,Las Vegas,Las Vegas Strip Street Circuit,36.1147,-115.173,ocon,OCO,Esteban Ocon,French,31,alpine,Alpine F1 Team,17,17,0.0,11,49,Lapped,231.306,1:36.511,9.0,-6,False,False,False,True,23.0,14.0,0,23.0,3.0,19.596666666666668,15.79,11.0,
2024,22,Las Vegas Grand Prix,2024-11-23,USA,Las Vegas,Las Vegas Strip Street Circuit,36.1147,-115.173,bottas,BOT,Valtteri Bottas,Finnish,77,sauber,Sauber,18,18,0.0,19,49,Lapped,231.09,1:36.601,14.0,1,False,False,False,True,0.0,23.0,0,0.0,2.0,22.222,21.623,19.0,
2024,22,Las Vegas Grand Prix,2024-11-23,USA,Las Vegas,Las Vegas Strip Street Circuit,36.1147,-115.173,albon,ALB,Alexander Albon,Thai,23,williams,Williams,19,R,0.0,17,25,Retired,227.773,1:38.008,19.0,-2,False,False,False,True,12.0,16.0,0,12.0,1.0,22.012,22.012,18.0,
2024,22,Las Vegas Grand Prix,2024-11-23,USA,Las Vegas,Las Vegas Strip Street Circuit,36.1147,-115.173,gasly,GAS,Pierre Gasly,French,10,alpine,Alpine F1 Team,20,R,0.0,3,15,Retired,227.064,1:38.314,20.0,-17,False,False,False,True,26.0,12.0,0,24.0,1.0,22.179,22.179,3.0,1:32.664
2024,23,Qatar Grand Prix,2024-12-01,Qatar,Lusail,Losail International Circuit,25.49,51.4542,max_verstappen,VER,Max Verstappen,Dutch,1,red_bull,Red Bull,1,1,25.0,2,57,Finished,235.31,1:22.905,2.0,1,True,True,True,False,429.0,1.0,9,391.0,3.0,24.963333333333335,22.703,1.0,1:20.520
2024,23,Qatar Grand Prix,2024-12-01,Qatar,Lusail,Losail International Circuit,25.49,51.4542,leclerc,LEC,Charles Leclerc,Monegasque,16,ferrari,Ferrari,2,2,18.0,5,57,Finished,234.357,1:23.242,4.0,3,False,True,True,False,341.0,3.0,3,312.0,3.0,27.706000000000003,25.675,5.0,1:20.852
2024,23,Qatar Grand Prix,2024-12-01,Qatar,Lusail,Losail International Circuit,25.49,51.4542,piastri,PIA,Oscar Piastri,Australian,81,mclaren,McLaren,3,3,15.0,4,57,Finished,234.425,1:23.218,3.0,1,False,True,True,False,291.0,4.0,2,264.0,3.0,26.670333333333332,22.867,4.0,1:20.829
2024,23,Qatar Grand Prix,2024-12-01,Qatar,Lusail,Losail International Circuit,25.49,51.4542,russell,RUS,George Russell,British,63,mercedes,Mercedes,4,4,12.0,1,57,Finished,234.039,1:23.355,5.0,-3,False,False,True,False,235.0,6.0,2,216.0,4.0,29.244750000000003,22.763,2.0,1:20.575
2024,23,Qatar Grand Prix,2024-12-01,Qatar,Lusail,Losail International Circuit,25.49,51.4542,gasly,GAS,Pierre Gasly,French,10,alpine,Alpine F1 Team,5,5,10.0,11,57,Finished,233.061,1:23.705,8.0,6,False,False,True,False,36.0,11.0,0,34.0,3.0,27.332333333333334,22.717,11.0,
2024,23,Qatar Grand Prix,2024-12-01,Qatar,Lusail,Losail International Circuit,25.49,51.4542,sainz,SAI,Carlos Sainz,Spanish,55,ferrari,Ferrari,6,6,8.0,7,57,Finished,233.731,1:23.465,6.0,1,False,False,True,False,272.0,5.0,2,244.0,3.0,31.09166666666667,22.776,7.0,1:21.041
2024,23,Qatar Grand Prix,2024-12-01,Qatar,Lusail,Losail International Circuit,25.49,51.4542,alonso,ALO,Fernando Alonso,Spanish,14,aston_martin,Aston Martin,7,7,6.0,8,57,Finished,233.167,1:23.667,7.0,1,False,False,True,False,68.0,9.0,0,68.0,3.0,30.010333333333335,28.592,8.0,1:21.251
2024,23,Qatar Grand Prix,2024-12-01,Qatar,Lusail,Losail International Circuit,25.49,51.4542,zhou,ZHO,Guanyu Zhou,Chinese,24,sauber,Sauber,8,8,4.0,12,57,Finished,232.55,1:23.889,10.0,4,False,False,True,False,4.0,20.0,0,4.0,3.0,29.043666666666667,23.228,12.0,
2024,23,Qatar Grand Prix,2024-12-01,Qatar,Lusail,Losail International Circuit,25.49,51.4542,kevin_magnussen,MAG,Kevin Magnussen,Danish,20,haas,Haas F1 Team,9,9,2.0,10,57,Finished,231.528,1:24.259,11.0,1,False,False,True,False,16.0,15.0,0,14.0,3.0,28.200666666666667,22.696,10.0,1:21.500
2024,23,Qatar Grand Prix,2024-12-01,Qatar,Lusail,Losail International Circuit,25.49,51.4542,norris,NOR,Lando Norris,British,4,mclaren,McLaren,10,10,2.0,3,57,Finished,236.798,1:22.384,1.0,-7,False,False,True,False,349.0,2.0,3,319.0,4.0,29.60775,25.592,3.0,1:20.772
2024,23,Qatar Grand Prix,2024-12-01,Qatar,Lusail,Losail International Circuit,25.49,51.4542,bottas,BOT,Valtteri Bottas,Finnish,77,sauber,Sauber,11,11,0.0,13,57,Finished,228.08,1:25.533,13.0,2,False,False,True,False,0.0,22.0,0,0.0,3.0,28.714,28.14,13.0,
2024,23,Qatar Grand Prix,2024-12-01,Qatar,Lusail,Losail International Circuit,25.49,51.4542,hamilton,HAM,Lewis Hamilton,British,44,mercedes,Mercedes,12,12,0.0,6,57,Finished,232.616,1:23.865,9.0,-6,False,False,True,False,211.0,7.0,2,195.0,4.0,27.71175,22.705,6.0,1:21.011
2024,23,Qatar Grand Prix,2024-12-01,Qatar,Lusail,Losail International Circuit,25.49,51.4542,tsunoda,TSU,Yuki Tsunoda,Japanese,22,rb,RB F1 Team,13,13,0.0,14,57,Finished,226.462,1:26.144,17.0,1,False,False,True,False,30.0,12.0,0,29.0,4.0,29.214499999999997,22.714,14.0,
2024,23,Qatar Grand Prix,2024-12-01,Qatar,Lusail,Losail International Circuit,25.49,51.4542,lawson,LAW,Liam Lawson,New Zealander,30,rb,RB F1 Team,14,14,0.0,17,57,Finished,226.641,1:26.076,16.0,3,False,False,True,False,4.0,21.0,0,4.0,4.0,32.30775,22.737,17.0,
2024,23,Qatar Grand Prix,2024-12-01,Qatar,Lusail,Losail International Circuit,25.49,51.4542,albon,ALB,Alexander Albon,Thai,23,williams,Williams,15,15,0.0,16,56,Lapped,228.011,1:25.559,14.0,1,False,False,False,True,12.0,16.0,0,12.0,4.0,32.031,22.71,16.0,
2024,23,Qatar Grand Prix,2024-12-01,Qatar,Lusail,Losail International Circuit,25.49,51.4542,hulkenberg,HUL,Nico Hülkenberg,German,27,haas,Haas F1 Team,16,R,0.0,18,39,Retired,227.458,1:25.767,15.0,2,False,False,False,True,37.0,10.0,0,32.0,4.0,30.700499999999998,23.81,18.0,
2024,23,Qatar Grand Prix,2024-12-01,Qatar,Lusail,Losail International Circuit,25.49,51.4542,perez,PER,Sergio Pérez,Mexican,11,red_bull,Red Bull,17,R,0.0,9,38,Retired,228.735,1:25.288,12.0,-8,False,False,False,True,152.0,8.0,0,138.0,3.0,26.750666666666664,22.705,9.0,1:21.425
2024,23,Qatar Grand Prix,2024-12-01,Qatar,Lusail,Losail International Circuit,25.49,51.4542,stroll,STR,Lance Stroll,Canadian,18,aston_martin,Aston Martin,18,R,0.0,15,8,Retired,214.531,1:30.935,18.0,-3,False,False,False,True,24.0,13.0,0,24.0,2.0,35.7285,29.783,15.0,
2024,23,Qatar Grand Prix,2024-12-01,Qatar,Lusail,Losail International Circuit,25.49,51.4542,colapinto,COL,Franco Colapinto,Argentine,43,williams,Williams,19,R,0.0,19,0,Retired,,,,0,False,False,False,True,5.0,19.0,0,5.0,,,,19.0,
2024,23,Qatar Grand Prix,2024-12-01,Qatar,Lusail,Losail International Circuit,25.49,51.4542,ocon,OCO,Esteban Ocon,French,31,alpine,Alpine F1 Team,20,R,0.0,20,0,Retired,,,,0,False,False,False,True,23.0,14.0,0,23.0,,,,20.0,
2024,24,Abu Dhabi Grand Prix,2024-12-08,UAE,Abu Dhabi,Yas Marina Circuit,24.4672,54.6031,norris,NOR,Lando Norris,British,4,mclaren,McLaren,1,1,25.0,1,58,Finished,217.429,1:27.438,3.0,0,True,True,True,False,374.0,2.0,4,344.0,1.0,21.276,21.276,1.0,1:22.595
2024,24,Abu Dhabi Grand Prix,2024-12-08,UAE,Abu Dhabi,Yas Marina Circuit,24.4672,54.6031,sainz,SAI,Carlos Sainz,Spanish,55,ferrari,Ferrari,2,2,18.0,3,58,Finished,216.619,1:27.765,5.0,1,False,True,True,False,290.0,5.0,2,262.0,1.0,21.28,21.28,3.0,1:22.824
2024,24,Abu Dhabi Grand Prix,2024-12-08,UAE,Abu Dhabi,Yas Marina Circuit,24.4672,54.6031,leclerc,LEC,Charles Leclerc,Monegasque,16,ferrari,Ferrari,3,3,15.0,19,58,Finished,215.996,1:28.018,9.0,16,False,True,True,False,356.0,3.0,3,327.0,1.0,21.869,21.869,14.0,
2024,24,Abu Dhabi Grand Prix,2024-12-08,UAE,Abu Dhabi,Yas Marina Circuit,24.4672,54.6031,hamilton,HAM,Lewis Hamilton,British,44,mercedes,Mercedes,4,4,12.0,16,58,Finished,217.828,1:27.278,2.0,12,False,False,True,False,223.0,7.0,2,207.0,1.0,21.694,21.694,18.0,
2024,24,Abu Dhabi Grand Prix,2024-12-08,UAE,Abu Dhabi,Yas Marina Circuit,24.4672,54.6031,russell,RUS,George Russell,British,63,mercedes,Mercedes,5,5,10.0,6,58,Finished,215.563,1:28.195,10.0,1,False,False,True,False,245.0,6.0,2,226.0,1.0,21.656,21.656,7.0,1:23.132
2024,24,Abu Dhabi Grand Prix,2024-12-08,UAE,Abu Dhabi,Yas Marina Circuit,24.4672,54.6031,max_verstappen,VER,Max Verstappen,Dutch,1,red_bull,Red Bull,6,6,8.0,4,58,Finished,216.619,1:27.765,6.0,-2,False,False,True,False,437.0,1.0,9,399.0,1.0,32.652,32.652,5.0,1:22.945
2024,24,Abu Dhabi Grand Prix,2024-12-08,UAE,Abu Dhabi,Yas Marina Circuit,24.4672,54.6031,gasly,GAS,Pierre Gasly,French,10,alpine,Alpine F1 Team,7,7,6.0,5,58,Finished,213.012,1:29.251,16.0,-2,False,False,True,False,42.0,10.0,0,40.0,1.0,22.059,22.059,6.0,1:22.984
2024,24,Abu Dhabi Grand Prix,2024-12-08,UAE,Abu Dhabi,Yas Marina Circuit,24.4672,54.6031,hulkenberg,HUL,Nico Hülkenberg,German,27,haas,Haas F1 Team,8,8,4.0,7,58,Finished,213.249,1:29.152,14.0,-1,False,False,True,False,41.0,11.0,0,36.0,1.0,21.53,21.53,4.0,1:22.886
2024,24,Abu Dhabi Grand Prix,2024-12-08,UAE,Abu Dhabi,Yas Marina Circuit,24.4672,54.6031,alonso,ALO,Fernando Alonso,Spanish,14,aston_martin,Aston Martin,9,9,2.0,8,58,Finished,216.168,1:27.948,7.0,-1,False,False,True,False,70.0,9.0,0,70.0,2.0,22.881500000000003,22.437,8.0,1:23.196
2024,24,Abu Dhabi Grand Prix,2024-12-08,UAE,Abu Dhabi,Yas Marina Circuit,24.4672,54.6031,piastri,PIA,Oscar Piastri,Australian,81,mclaren,McLaren,10,10,1.0,2,58,Finished,216.804,1:27.690,4.0,-8,False,False,True,False,292.0,4.0,2,265.0,2.0,28.178,23.582,2.0,1:22.804
2024,24,Abu Dhabi Grand Prix,2024-12-08,UAE,Abu Dhabi,Yas Marina Circuit,24.4672,54.6031,albon,ALB,Alexander Albon,Thai,23,williams,Williams,11,11,0.0,18,57,Lapped,212.567,1:29.438,18.0,7,False,False,False,True,12.0,16.0,0,12.0,1.0,22.065,22.065,16.0,
2024,24,Abu Dhabi Grand Prix,2024-12-08,UAE,Abu Dhabi,Yas Marina Circuit,24.4672,54.6031,tsunoda,TSU,Yuki Tsunoda,Japanese,22,rb,RB F1 Team,12,12,0.0,11,57,Lapped,213.134,1:29.200,15.0,-1,False,False,False,True,30.0,12.0,0,29.0,1.0,21.869,21.869,11.0,
2024,24,Abu Dhabi Grand Prix,2024-12-08,UAE,Abu Dhabi,Yas Marina Circuit,24.4672,54.6031,zhou,ZHO,Guanyu Zhou,Chinese,24,sauber,Sauber,13,13,0.0,15,57,Lapped,216.085,1:27.982,8.0,2,False,False,False,True,4.0,20.0,0,4.0,2.0,25.8945,23.024,17.0,
2024,24,Abu Dhabi Grand Prix,2024-12-08,UAE,Abu Dhabi,Yas Marina Circuit,24.4672,54.6031,stroll,STR,Lance Stroll,Canadian,18,aston_martin,Aston Martin,14,14,0.0,13,57,Lapped,214.568,1:28.604,11.0,-1,False,False,False,True,24.0,13.0,0,24.0,2.0,22.6595,22.053,13.0,
2024,24,Abu Dhabi Grand Prix,2024-12-08,UAE,Abu Dhabi,Yas Marina Circuit,24.4672,54.6031,doohan,DOO,Jack Doohan,Australian,61,alpine,Alpine F1 Team,15,15,0.0,17,57,Lapped,213.323,1:29.121,13.0,2,False,False,False,True,0.0,24.0,0,0.0,1.0,22.08,22.08,20.0,
2024,24,Abu Dhabi Grand Prix,2024-12-08,UAE,Abu Dhabi,Yas Marina Circuit,24.4672,54.6031,kevin_magnussen,MAG,Kevin Magnussen,Danish,20,haas,Haas F1 Team,16,16,0.0,14,57,Lapped,222.002,1:25.637,1.0,-2,False,False,False,True,16.0,15.0,0,14.0,4.0,23.2365,21.678,15.0,
2024,24,Abu Dhabi Grand Prix,2024-12-08,UAE,Abu Dhabi,Yas Marina Circuit,24.4672,54.6031,lawson,LAW,Liam Lawson,New Zealander,30,rb,RB F1 Team,17,17,0.0,12,55,Retired,214.212,1:28.751,12.0,-5,False,False,False,True,4.0,21.0,0,4.0,3.0,26.099,22.565,12.0,
2024,24,Abu Dhabi Grand Prix,2024-12-08,UAE,Abu Dhabi,Yas Marina Circuit,24.4672,54.6031,bottas,BOT,Valtteri Bottas,Finnish,77,sauber,Sauber,18,R,0.0,9,30,Retired,212.462,1:29.482,19.0,-9,False,False,False,True,0.0,22.0,0,0.0,1.0,41.144,41.144,9.0,1:23.204
2024,24,Abu Dhabi Grand Prix,2024-12-08,UAE,Abu Dhabi,Yas Marina Circuit,24.4672,54.6031,colapinto,COL,Franco Colapinto,Argentine,43,williams,Williams,19,R,0.0,20,26,Retired,212.631,1:29.411,17.0,1,False,False,False,True,5.0,19.0,0,5.0,1.0,24.941,24.941,19.0,
2024,24,Abu Dhabi Grand Prix,2024-12-08,UAE,Abu Dhabi,Yas Marina Circuit,24.4672,54.6031,perez,PER,Sergio Pérez,Mexican,11,red_bull,Red Bull,20,R,0.0,10,0,Retired,,,,-10,False,False,False,True,152.0,8.0,0,138.0,,,,10.0,1:23.264
2025,1,Australian Grand Prix,2025-03-16,Australia,Melbourne,Albert Park Grand Prix Circuit,-37.8497,144.968,norris,NOR,Lando Norris,British,4,mclaren,McLaren,1,1,25.0,1,57,Finished,,1:22.167,1.0,0,True,True,True,False,25.0,1.0,1,25.0,5.0,15.11,12.804,1.0,1:15.096
2025,1,Australian Grand Prix,2025-03-16,Australia,Melbourne,Albert Park Grand Prix Circuit,-37.8497,144.968,max_verstappen,VER,Max Verstappen,Dutch,1,red_bull,Red Bull,2,2,18.0,3,57,Finished,,1:23.081,3.0,1,False,True,True,False,18.0,2.0,0,18.0,5.0,15.503,12.938,3.0,1:15.481
2025,1,Australian Grand Prix,2025-03-16,Australia,Melbourne,Albert Park Grand Prix Circuit,-37.8497,144.968,russell,RUS,George Russell,British,63,mercedes,Mercedes,3,3,15.0,4,57,Finished,,1:25.065,11.0,1,False,True,True,False,15.0,3.0,0,15.0,5.0,15.995,13.672,4.0,1:15.546
2025,1,Australian Grand Prix,2025-03-16,Australia,Melbourne,Albert Park Grand Prix Circuit,-37.8497,144.968,antonelli,ANT,Andrea Kimi Antonelli,Italian,12,mercedes,Mercedes,4,4,12.0,16,57,Finished,,1:24.901,9.0,12,False,False,True,False,12.0,4.0,0,12.0,5.0,17.173,13.975,16.0,
2025,1,Australian Grand Prix,2025-03-16,Australia,Melbourne,Albert Park Grand Prix Circuit,-37.8497,144.968,albon,ALB,Alexander Albon,Thai,23,williams,Williams,5,5,10.0,6,57,Finished,,1:24.597,8.0,1,False,False,True,False,10.0,5.0,0,10.0,5.0,16.7646,14.285,6.0,1:15.737
2025,1,Australian Grand Prix,2025-03-16,Australia,Melbourne,Albert Park Grand Prix Circuit,-37.8497,144.968,stroll,STR,Lance Stroll,Canadian,18,aston_martin,Aston Martin,6,6,8.0,13,57,Finished,,1:25.538,14.0,7,False,False,True,False,8.0,6.0,0,8.0,5.0,16.734599999999997,14.451,13.0,
2025,1,Australian Grand Prix,2025-03-16,Australia,Melbourne,Albert Park Grand Prix Circuit,-37.8497,144.968,hulkenberg,HUL,Nico Hülkenberg,German,27,sauber,Sauber,7,7,6.0,17,57,Finished,,1:25.243,12.0,10,False,False,True,False,6.0,7.0,0,6.0,5.0,17.3262,14.198,17.0,
2025,1,Australian Grand Prix,2025-03-16,Australia,Melbourne,Albert Park Grand Prix Circuit,-37.8497,144.968,leclerc,LEC,Charles Leclerc,Monegasque,16,ferrari,Ferrari,8,8,4.0,7,57,Finished,,1:25.271,13.0,-1,False,False,True,False,4.0,8.0,0,4.0,5.0,17.1228,14.129,7.0,1:15.755
2025,1,Australian Grand Prix,2025-03-16,Australia,Melbourne,Albert Park Grand Prix Circuit,-37.8497,144.968,piastri,PIA,Oscar Piastri,Australian,81,mclaren,McLaren,9,9,2.0,2,57,Finished,,1:23.242,4.0,-7,False,False,True,False,2.0,9.0,0,2.0,5.0,15.8602,12.816,2.0,1:15.180
2025,1,Australian Grand Prix,2025-03-16,Australia,Melbourne,Albert Park Grand Prix Circuit,-37.8497,144.968,hamilton,HAM,Lewis Hamilton,British,44,ferrari,Ferrari,10,10,1.0,8,57,Finished,,1:24.218,7.0,-2,False,False,True,False,1.0,10.0,0,1.0,5.0,17.062,14.789,8.0,1:15.973
2025,1,Australian Grand Prix,2025-03-16,Australia,Melbourne,Albert Park Grand Prix Circuit,-37.8497,144.968,gasly,GAS,Pierre Gasly,French,10,alpine,Alpine F1 Team,11,11,0.0,9,57,Finished,,1:25.020,10.0,-2,False,False,True,False,0.0,11.0,0,0.0,5.0,16.9258,14.71,9.0,1:15.980
2025,1,Australian Grand Prix,2025-03-16,Australia,Melbourne,Albert Park Grand Prix Circuit,-37.8497,144.968,tsunoda,TSU,Yuki Tsunoda,Japanese,22,rb,RB F1 Team,12,12,0.0,5,57,Finished,,1:24.194,6.0,-7,False,False,True,False,0.0,12.0,0,0.0,5.0,16.418799999999997,13.605,5.0,1:15.670
2025,1,Australian Grand Prix,2025-03-16,Australia,Melbourne,Albert Park Grand Prix Circuit,-37.8497,144.968,ocon,OCO,Esteban Ocon,French,31,haas,Haas F1 Team,13,13,0.0,19,57,Finished,,1:26.764,15.0,6,False,False,True,False,0.0,13.0,0,0.0,5.0,17.831400000000002,14.395,19.0,
2025,1,Australian Grand Prix,2025-03-16,Australia,Melbourne,Albert Park Grand Prix Circuit,-37.8497,144.968,bearman,BEA,Oliver Bearman,British,87,haas,Haas F1 Team,14,14,0.0,20,57,Finished,,1:27.603,16.0,6,False,False,True,False,0.0,14.0,0,0.0,5.0,19.0514,14.605,20.0,
2025,1,Australian Grand Prix,2025-03-16,Australia,Melbourne,Albert Park Grand Prix Circuit,-37.8497,144.968,lawson,LAW,Liam Lawson,New Zealander,30,red_bull,Red Bull,15,R,0.0,18,46,Retired,,1:22.970,2.0,3,False,False,False,True,0.0,,0,0.0,4.0,17.511499999999998,14.79,18.0,
2025,1,Australian Grand Prix,2025-03-16,Australia,Melbourne,Albert Park Grand Prix Circuit,-37.8497,144.968,bortoleto,BOR,Gabriel Bortoleto,Brazilian,5,sauber,Sauber,16,R,0.0,15,45,Retired,,1:24.192,5.0,-1,False,False,False,True,0.0,,0,0.0,5.0,19.0576,14.206,15.0,
2025,1,Australian Grand Prix,2025-03-16,Australia,Melbourne,Albert Park Grand Prix Circuit,-37.8497,144.968,alonso,ALO,Fernando Alonso,Spanish,14,aston_martin,Aston Martin,17,R,0.0,12,32,Retired,,1:28.819,17.0,-5,False,False,False,True,0.0,,0,0.0,3.0,15.603333333333333,15.034,12.0,
2025,1,Australian Grand Prix,2025-03-16,Australia,Melbourne,Albert Park Grand Prix Circuit,-37.8497,144.968,sainz,SAI,Carlos Sainz,Spanish,55,williams,Williams,18,R,0.0,10,0,Retired,,,,-8,False,False,False,True,0.0,,0,0.0,,,,10.0,1:16.062
2025,1,Australian Grand Prix,2025-03-16,Australia,Melbourne,Albert Park Grand Prix Circuit,-37.8497,144.968,doohan,DOO,Jack Doohan,Australian,7,alpine,Alpine F1 Team,19,R,0.0,14,0,Retired,,,,-5,False,False,False,True,0.0,,0,0.0,,,,14.0,
2025,1,Australian Grand Prix,2025-03-16,Australia,Melbourne,Albert Park Grand Prix Circuit,-37.8497,144.968,hadjar,HAD,Isack Hadjar,French,6,rb,RB F1 Team,20,R,0.0,11,0,Retired,,,,-9,False,False,False,True,0.0,,0,0.0,,,,11.0,
2025,2,Chinese Grand Prix,2025-03-23,China,Shanghai,Shanghai International Circuit,31.3389,121.22,piastri,PIA,Oscar Piastri,Australian,81,mclaren,McLaren,1,1,25.0,1,56,Finished,,1:35.520,3.0,0,True,True,True,False,34.0,4.0,1,27.0,1.0,23.938,23.938,1.0,1:30.641
2025,2,Chinese Grand Prix,2025-03-23,China,Shanghai,Shanghai International Circuit,31.3389,121.22,norris,NOR,Lando Norris,British,4,mclaren,McLaren,2,2,18.0,3,56,Finished,,1:35.454,1.0,1,False,True,True,False,44.0,1.0,1,43.0,1.0,22.213,22.213,3.0,1:30.793
2025,2,Chinese Grand Prix,2025-03-23,China,Shanghai,Shanghai International Circuit,31.3389,121.22,russell,RUS,George Russell,British,63,mercedes,Mercedes,3,3,15.0,2,56,Finished,,1:35.816,5.0,-1,False,True,True,False,35.0,3.0,0,30.0,1.0,22.324,22.324,2.0,1:30.723
2025,2,Chinese Grand Prix,2025-03-23,China,Shanghai,Shanghai International Circuit,31.3389,121.22,max_verstappen,VER,Max Verstappen,Dutch,1,red_bull,Red Bull,4,4,12.0,4,56,Finished,,1:35.488,2.0,0,False,False,True,False,36.0,2.0,0,30.0,1.0,22.454,22.454,4.0,1:30.817
2025,2,Chinese Grand Prix,2025-03-23,China,Shanghai,Shanghai International Circuit,31.3389,121.22,ocon,OCO,Esteban Ocon,French,31,haas,Haas F1 Team,5,5,10.0,11,56,Finished,,1:35.740,4.0,6,False,False,True,False,10.0,7.0,0,10.0,1.0,23.114,23.114,11.0,
2025,2,Chinese Grand Prix,2025-03-23,China,Shanghai,Shanghai International Circuit,31.3389,121.22,antonelli,ANT,Andrea Kimi Antonelli,Italian,12,mercedes,Mercedes,6,6,8.0,8,56,Finished,,1:36.046,11.0,2,False,False,True,False,22.0,5.0,0,20.0,1.0,22.675,22.675,8.0,1:31.103
2025,2,Chinese Grand Prix,2025-03-23,China,Shanghai,Shanghai International Circuit,31.3389,121.22,albon,ALB,Alexander Albon,Thai,23,williams,Williams,7,7,6.0,10,56,Finished,,1:36.254,12.0,3,False,False,True,False,16.0,6.0,0,16.0,1.0,23.362,23.362,10.0,1:31.706
2025,2,Chinese Grand Prix,2025-03-23,China,Shanghai,Shanghai International Circuit,31.3389,121.22,bearman,BEA,Oliver Bearman,British,87,haas,Haas F1 Team,8,8,4.0,17,56,Finished,,1:36.363,13.0,9,False,False,True,False,4.0,12.0,0,4.0,1.0,22.808,22.808,17.0,
2025,2,Chinese Grand Prix,2025-03-23,China,Shanghai,Shanghai International Circuit,31.3389,121.22,stroll,STR,Lance Stroll,Canadian,18,aston_martin,Aston Martin,9,9,2.0,14,56,Finished,,1:36.044,10.0,5,False,False,True,False,10.0,8.0,0,10.0,1.0,22.995,22.995,14.0,
2025,2,Chinese Grand Prix,2025-03-23,China,Shanghai,Shanghai International Circuit,31.3389,121.22,sainz,SAI,Carlos Sainz,Spanish,55,williams,Williams,10,10,1.0,15,56,Finished,,1:36.779,15.0,5,False,False,True,False,1.0,14.0,0,1.0,1.0,22.721,22.721,15.0,
2025,2,Chinese Grand Prix,2025-03-23,China,Shanghai,Shanghai International Circuit,31.3389,121.22,hadjar,HAD,Isack Hadjar,French,6,rb,RB F1 Team,11,11,0.0,7,56,Finished,,1:35.868,6.0,-4,False,False,True,False,0.0,16.0,0,0.0,2.0,22.565,22.234,7.0,1:31.079
2025,2,Chinese Grand Prix,2025-03-23,China,Shanghai,Shanghai International Circuit,31.3389,121.22,lawson,LAW,Liam Lawson,New Zealander,30,red_bull,Red Bull,12,12,0.0,20,56,Finished,,1:35.985,9.0,8,False,False,True,False,0.0,17.0,0,0.0,2.0,22.445500000000003,22.355,20.0,
2025,2,Chinese Grand Prix,2025-03-23,China,Shanghai,Shanghai International Circuit,31.3389,121.22,doohan,DOO,Jack Doohan,Australian,7,alpine,Alpine F1 Team,13,13,0.0,18,56,Finished,,1:36.424,14.0,5,False,False,True,False,0.0,18.0,0,0.0,1.0,22.793,22.793,18.0,
2025,2,Chinese Grand Prix,2025-03-23,China,Shanghai,Shanghai International Circuit,31.3389,121.22,bortoleto,BOR,Gabriel Bortoleto,Brazilian,5,sauber,Sauber,14,14,0.0,19,55,Lapped,,1:35.874,8.0,5,False,False,False,True,0.0,19.0,0,0.0,2.0,23.0875,22.79,19.0,
2025,2,Chinese Grand Prix,2025-03-23,China,Shanghai,Shanghai International Circuit,31.3389,121.22,hulkenberg,HUL,Nico Hülkenberg,German,27,sauber,Sauber,15,15,0.0,12,55,Lapped,,1:37.275,16.0,-3,False,False,False,True,6.0,11.0,0,6.0,1.0,22.959,22.959,12.0,
2025,2,Chinese Grand Prix,2025-03-23,China,Shanghai,Shanghai International Circuit,31.3389,121.22,tsunoda,TSU,Yuki Tsunoda,Japanese,22,rb,RB F1 Team,16,16,0.0,9,55,Lapped,,1:35.871,7.0,-7,False,False,False,True,3.0,13.0,0,0.0,3.0,27.734666666666666,22.519,9.0,1:31.638
2025,2,Chinese Grand Prix,2025-03-23,China,Shanghai,Shanghai International Circuit,31.3389,121.22,alonso,ALO,Fernando Alonso,Spanish,14,aston_martin,Aston Martin,17,R,0.0,13,4,Retired,,1:39.256,17.0,-4,False,False,False,True,0.0,,0,0.0,,,,13.0,
2025,2,Chinese Grand Prix,2025-03-23,China,Shanghai,Shanghai International Circuit,31.3389,121.22,leclerc,LEC,Charles Leclerc,Monegasque,16,ferrari,Ferrari,18,D,0.0,6,0,Disqualified,,,,-12,False,False,False,True,8.0,10.0,0,4.0,1.0,22.151,22.151,6.0,1:31.021
2025,2,Chinese Grand Prix,2025-03-23,China,Shanghai,Shanghai International Circuit,31.3389,121.22,hamilton,HAM,Lewis Hamilton,British,44,ferrari,Ferrari,19,D,0.0,5,0,Disqualified,,,,-14,False,False,False,True,9.0,9.0,0,1.0,2.0,22.376,22.364,5.0,1:30.927
2025,2,Chinese Grand Prix,2025-03-23,China,Shanghai,Shanghai International Circuit,31.3389,121.22,gasly,GAS,Pierre Gasly,French,10,alpine,Alpine F1 Team,20,D,0.0,16,0,Disqualified,,,,-4,False,False,False,True,0.0,15.0,0,0.0,1.0,23.138,23.138,16.0,
2025,3,Japanese Grand Prix,2025-04-06,Japan,Suzuka,Suzuka Circuit,34.8431,136.541,max_verstappen,VER,Max Verstappen,Dutch,1,red_bull,Red Bull,1,1,25.0,1,53,Finished,,1:31.041,3.0,0,True,True,True,False,61.0,2.0,1,55.0,1.0,24.397,24.397,1.0,1:26.983
2025,3,Japanese Grand Prix,2025-04-06,Japan,Suzuka,Suzuka Circuit,34.8431,136.541,norris,NOR,Lando Norris,British,4,mclaren,McLaren,2,2,18.0,2,53,Finished,,1:31.116,5.0,0,False,True,True,False,62.0,1.0,1,61.0,1.0,23.222,23.222,2.0,1:26.995
2025,3,Japanese Grand Prix,2025-04-06,Japan,Suzuka,Suzuka Circuit,34.8431,136.541,piastri,PIA,Oscar Piastri,Australian,81,mclaren,McLaren,3,3,15.0,3,53,Finished,,1:31.039,2.0,0,False,True,True,False,49.0,3.0,1,42.0,1.0,23.037,23.037,3.0,1:27.027
2025,3,Japanese Grand Prix,2025-04-06,Japan,Suzuka,Suzuka Circuit,34.8431,136.541,leclerc,LEC,Charles Leclerc,Monegasque,16,ferrari,Ferrari,4,4,12.0,4,53,Finished,,1:31.469,10.0,0,False,False,True,False,20.0,6.0,0,16.0,1.0,23.346,23.346,4.0,1:27.299
2025,3,Japanese Grand Prix,2025-04-06,Japan,Suzuka,Suzuka Circuit,34.8431,136.541,russell,RUS,George Russell,British,63,mercedes,Mercedes,5,5,10.0,5,53,Finished,,1:31.357,8.0,0,False,False,True,False,45.0,4.0,0,40.0,1.0,23.184,23.184,5.0,1:27.318
2025,3,Japanese Grand Prix,2025-04-06,Japan,Suzuka,Suzuka Circuit,34.8431,136.541,antonelli,ANT,Andrea Kimi Antonelli,Italian,12,mercedes,Mercedes,6,6,8.0,6,53,Finished,,1:30.965,1.0,0,False,False,True,False,30.0,5.0,0,28.0,1.0,24.38,24.38,6.0,1:27.555
2025,3,Japanese Grand Prix,2025-04-06,Japan,Suzuka,Suzuka Circuit,34.8431,136.541,hamilton,HAM,Lewis Hamilton,British,44,ferrari,Ferrari,7,7,6.0,8,53,Finished,,1:31.406,9.0,1,False,False,True,False,15.0,8.0,0,7.0,1.0,22.937,22.937,8.0,1:27.610
2025,3,Japanese Grand Prix,2025-04-06,Japan,Suzuka,Suzuka Circuit,34.8431,136.541,hadjar,HAD,Isack Hadjar,French,6,rb,RB F1 Team,8,8,4.0,7,53,Finished,,1:31.317,7.0,-1,False,False,True,False,4.0,13.0,0,4.0,1.0,23.333,23.333,7.0,1:27.569
2025,3,Japanese Grand Prix,2025-04-06,Japan,Suzuka,Suzuka Circuit,34.8431,136.541,albon,ALB,Alexander Albon,Thai,23,williams,Williams,9,9,2.0,9,53,Finished,,1:31.125,6.0,0,False,False,True,False,18.0,7.0,0,18.0,1.0,23.093,23.093,9.0,1:27.615
2025,3,Japanese Grand Prix,2025-04-06,Japan,Suzuka,Suzuka Circuit,34.8431,136.541,bearman,BEA,Oliver Bearman,British,87,haas,Haas F1 Team,10,10,1.0,10,53,Finished,,1:32.006,15.0,0,False,False,True,False,5.0,12.0,0,5.0,1.0,24.834,24.834,10.0,1:27.867
2025,3,Japanese Grand Prix,2025-04-06,Japan,Suzuka,Suzuka Circuit,34.8431,136.541,alonso,ALO,Fernando Alonso,Spanish,14,aston_martin,Aston Martin,11,11,0.0,12,53,Finished,,1:31.770,11.0,1,False,False,True,False,0.0,17.0,0,0.0,1.0,25.708,25.708,13.0,
2025,3,Japanese Grand Prix,2025-04-06,Japan,Suzuka,Suzuka Circuit,34.8431,136.541,tsunoda,TSU,Yuki Tsunoda,Japanese,22,red_bull,Red Bull,12,12,0.0,14,53,Finished,,1:31.871,13.0,2,False,False,True,False,3.0,14.0,0,0.0,1.0,24.181,24.181,15.0,
2025,3,Japanese Grand Prix,2025-04-06,Japan,Suzuka,Suzuka Circuit,34.8431,136.541,gasly,GAS,Pierre Gasly,French,10,alpine,Alpine F1 Team,13,13,0.0,11,53,Finished,,1:31.820,12.0,-2,False,False,True,False,0.0,16.0,0,0.0,1.0,26.041,26.041,11.0,
2025,3,Japanese Grand Prix,2025-04-06,Japan,Suzuka,Suzuka Circuit,34.8431,136.541,sainz,SAI,Carlos Sainz,Spanish,55,williams,Williams,14,14,0.0,15,53,Finished,,1:31.106,4.0,1,False,False,True,False,1.0,15.0,0,1.0,1.0,23.337,23.337,12.0,
2025,3,Japanese Grand Prix,2025-04-06,Japan,Suzuka,Suzuka Circuit,34.8431,136.541,doohan,DOO,Jack Doohan,Australian,7,alpine,Alpine F1 Team,15,15,0.0,19,53,Finished,,1:32.685,20.0,4,False,False,True,False,0.0,19.0,0,0.0,1.0,23.382,23.382,19.0,
2025,3,Japanese Grand Prix,2025-04-06,Japan,Suzuka,Suzuka Circuit,34.8431,136.541,hulkenberg,HUL,Nico Hülkenberg,German,27,sauber,Sauber,16,16,0.0,16,53,Finished,,1:32.572,19.0,0,False,False,True,False,6.0,11.0,0,6.0,1.0,23.515,23.515,16.0,
2025,3,Japanese Grand Prix,2025-04-06,Japan,Suzuka,Suzuka Circuit,34.8431,136.541,lawson,LAW,Liam Lawson,New Zealander,30,rb,RB F1 Team,17,17,0.0,13,53,Finished,,1:32.043,17.0,-4,False,False,True,False,0.0,18.0,0,0.0,1.0,23.662,23.662,14.0,
2025,3,Japanese Grand Prix,2025-04-06,Japan,Suzuka,Suzuka Circuit,34.8431,136.541,ocon,OCO,Esteban Ocon,French,31,haas,Haas F1 Team,18,18,0.0,18,53,Finished,,1:31.967,14.0,0,False,False,True,False,10.0,9.0,0,10.0,1.0,24.464,24.464,18.0,
2025,3,Japanese Grand Prix,2025-04-06,Japan,Suzuka,Suzuka Circuit,34.8431,136.541,bortoleto,BOR,Gabriel Bortoleto,Brazilian,5,sauber,Sauber,19,19,0.0,17,53,Finished,,1:32.034,16.0,-2,False,False,True,False,0.0,20.0,0,0.0,1.0,23.419,23.419,17.0,
2025,3,Japanese Grand Prix,2025-04-06,Japan,Suzuka,Suzuka Circuit,34.8431,136.541,stroll,STR,Lance Stroll,Canadian,18,aston_martin,Aston Martin,20,20,0.0,20,52,Lapped,,1:32.052,18.0,0,False,False,False,True,10.0,10.0,0,10.0,2.0,23.666,23.608,20.0,
2025,4,Bahrain Grand Prix,2025-04-13,Bahrain,Sakhir,Bahrain International Circuit,26.0325,50.5106,piastri,PIA,Oscar Piastri,Australian,81,mclaren,McLaren,1,1,25.0,1,57,Finished,,1:35.140,1.0,0,True,True,True,False,74.0,2.0,2,67.0,2.0,24.698999999999998,24.498,1.0,1:29.841
2025,4,Bahrain Grand Prix,2025-04-13,Bahrain,Sakhir,Bahrain International Circuit,26.0325,50.5106,russell,RUS,George Russell,British,63,mercedes,Mercedes,2,2,18.0,3,57,Finished,,1:35.518,2.0,1,False,True,True,False,63.0,4.0,0,58.0,2.0,24.072000000000003,24.044,2.0,1:30.009
2025,4,Bahrain Grand Prix,2025-04-13,Bahrain,Sakhir,Bahrain International Circuit,26.0325,50.5106,norris,NOR,Lando Norris,British,4,mclaren,McLaren,3,3,15.0,6,57,Finished,,1:35.728,3.0,3,False,True,True,False,77.0,1.0,1,76.0,2.0,26.9285,24.035,6.0,1:30.267
2025,4,Bahrain Grand Prix,2025-04-13,Bahrain,Sakhir,Bahrain International Circuit,26.0325,50.5106,leclerc,LEC,Charles Leclerc,Monegasque,16,ferrari,Ferrari,4,4,12.0,2,57,Finished,,1:36.132,4.0,-2,False,False,True,False,32.0,5.0,0,28.0,2.0,24.5215,24.241,3.0,1:30.175
2025,4,Bahrain Grand Prix,2025-04-13,Bahrain,Sakhir,Bahrain International Circuit,26.0325,50.5106,hamilton,HAM,Lewis Hamilton,British,44,ferrari,Ferrari,5,5,10.0,9,57,Finished,,1:36.235,6.0,4,False,False,True,False,25.0,7.0,0,17.0,2.0,24.345,24.34,9.0,1:30.772
2025,4,Bahrain Grand Prix,2025-04-13,Bahrain,Sakhir,Bahrain International Circuit,26.0325,50.5106,max_verstappen,VER,Max Verstappen,Dutch,1,red_bull,Red Bull,6,6,8.0,7,57,Finished,,1:36.167,5.0,1,False,False,True,False,69.0,3.0,1,63.0,2.0,27.2925,26.518,7.0,1:30.423
2025,4,Bahrain Grand Prix,2025-04-13,Bahrain,Sakhir,Bahrain International Circuit,26.0325,50.5106,gasly,GAS,Pierre Gasly,French,10,alpine,Alpine F1 Team,7,7,6.0,4,57,Finished,,1:36.531,7.0,-3,False,False,True,False,6.0,11.0,0,6.0,2.0,24.9955,24.958,5.0,1:30.216
2025,4,Bahrain Grand Prix,2025-04-13,Bahrain,Sakhir,Bahrain International Circuit,26.0325,50.5106,ocon,OCO,Esteban Ocon,French,31,haas,Haas F1 Team,8,8,4.0,14,57,Finished,,1:37.098,12.0,6,False,False,True,False,14.0,9.0,0,14.0,2.0,24.854,24.832,14.0,
2025,4,Bahrain Grand Prix,2025-04-13,Bahrain,Sakhir,Bahrain International Circuit,26.0325,50.5106,tsunoda,TSU,Yuki Tsunoda,Japanese,22,red_bull,Red Bull,9,9,2.0,10,57,Finished,,1:37.225,14.0,1,False,False,True,False,5.0,14.0,0,2.0,2.0,25.631999999999998,24.771,10.0,1:31.303
2025,4,Bahrain Grand Prix,2025-04-13,Bahrain,Sakhir,Bahrain International Circuit,26.0325,50.5106,bearman,BEA,Oliver Bearman,British,87,haas,Haas F1 Team,10,10,1.0,20,57,Finished,,1:37.303,15.0,10,False,False,True,False,6.0,13.0,0,6.0,2.0,24.7285,24.562,20.0,
2025,4,Bahrain Grand Prix,2025-04-13,Bahrain,Sakhir,Bahrain International Circuit,26.0325,50.5106,antonelli,ANT,Andrea Kimi Antonelli,Italian,12,mercedes,Mercedes,11,11,0.0,5,57,Finished,,1:36.690,9.0,-6,False,False,True,False,30.0,6.0,0,28.0,3.0,24.668666666666667,24.506,4.0,1:30.213
2025,4,Bahrain Grand Prix,2025-04-13,Bahrain,Sakhir,Bahrain International Circuit,26.0325,50.5106,albon,ALB,Alexander Albon,Thai,23,williams,Williams,12,12,0.0,15,57,Finished,,1:37.141,13.0,3,False,False,True,False,18.0,8.0,0,18.0,2.0,25.692,25.394,15.0,
2025,4,Bahrain Grand Prix,2025-04-13,Bahrain,Sakhir,Bahrain International Circuit,26.0325,50.5106,hadjar,HAD,Isack Hadjar,French,6,rb,RB F1 Team,13,13,0.0,12,57,Finished,,1:36.952,10.0,-1,False,False,True,False,4.0,15.0,0,4.0,2.0,24.9525,24.64,12.0,
2025,4,Bahrain Grand Prix,2025-04-13,Bahrain,Sakhir,Bahrain International Circuit,26.0325,50.5106,doohan,DOO,Jack Doohan,Australian,7,alpine,Alpine F1 Team,14,14,0.0,11,57,Finished,,1:36.682,8.0,-3,False,False,True,False,0.0,19.0,0,0.0,2.0,24.942,24.791,11.0,
2025,4,Bahrain Grand Prix,2025-04-13,Bahrain,Sakhir,Bahrain International Circuit,26.0325,50.5106,alonso,ALO,Fernando Alonso,Spanish,14,aston_martin,Aston Martin,15,15,0.0,13,57,Finished,,1:37.906,17.0,-2,False,False,True,False,0.0,17.0,0,0.0,2.0,24.836,24.826,13.0,
2025,4,Bahrain Grand Prix,2025-04-13,Bahrain,Sakhir,Bahrain International Circuit,26.0325,50.5106,lawson,LAW,Liam Lawson,New Zealander,30,rb,RB F1 Team,16,16,0.0,17,57,Finished,,1:37.380,16.0,1,False,False,True,False,0.0,18.0,0,0.0,2.0,24.7165,24.191,17.0,
2025,4,Bahrain Grand Prix,2025-04-13,Bahrain,Sakhir,Bahrain International Circuit,26.0325,50.5106,stroll,STR,Lance Stroll,Canadian,18,aston_martin,Aston Martin,17,17,0.0,19,57,Finished,,1:38.064,19.0,2,False,False,True,False,10.0,10.0,0,10.0,2.0,24.6015,24.592,19.0,
2025,4,Bahrain Grand Prix,2025-04-13,Bahrain,Sakhir,Bahrain International Circuit,26.0325,50.5106,bortoleto,BOR,Gabriel Bortoleto,Brazilian,5,sauber,Sauber,18,18,0.0,18,57,Finished,,1:38.006,18.0,0,False,False,True,False,0.0,20.0,0,0.0,2.0,24.7695,24.143,18.0,
2025,4,Bahrain Grand Prix,2025-04-13,Bahrain,Sakhir,Bahrain International Circuit,26.0325,50.5106,sainz,SAI,Carlos Sainz,Spanish,55,williams,Williams,19,R,0.0,8,45,Retired,,1:36.954,11.0,-11,False,False,False,True,1.0,16.0,0,1.0,3.0,28.677000000000003,24.315,8.0,1:30.680
2025,4,Bahrain Grand Prix,2025-04-13,Bahrain,Sakhir,Bahrain International Circuit,26.0325,50.5106,hulkenberg,HUL,Nico Hülkenberg,German,27,sauber,Sauber,20,D,0.0,16,0,Disqualified,,,,-4,False,False,False,True,6.0,12.0,0,6.0,2.0,24.259999999999998,24.229,16.0,
2025,5,Saudi Arabian Grand Prix,2025-04-20,Saudi Arabia,Jeddah,Jeddah Corniche Circuit,21.6319,39.1044,piastri,PIA,Oscar Piastri,Australian,81,mclaren,McLaren,1,1,25.0,2,50,Finished,,1:32.228,3.0,1,True,True,True,False,99.0,1.0,3,92.0,1.0,21.388,21.388,2.0,1:27.304
2025,5,Saudi Arabian Grand Prix,2025-04-20,Saudi Arabia,Jeddah,Jeddah Corniche Circuit,21.6319,39.1044,max_verstappen,VER,Max Verstappen,Dutch,1,red_bull,Red Bull,2,2,18.0,1,50,Finished,,1:32.280,4.0,-1,False,True,True,False,87.0,3.0,1,81.0,1.0,26.03,26.03,1.0,1:27.294
2025,5,Saudi Arabian Grand Prix,2025-04-20,Saudi Arabia,Jeddah,Jeddah Corniche Circuit,21.6319,39.1044,leclerc,LEC,Charles Leclerc,Monegasque,16,ferrari,Ferrari,3,3,15.0,4,50,Finished,,1:32.192,2.0,1,False,True,True,False,47.0,5.0,0,43.0,1.0,20.131,20.131,4.0,1:27.670
2025,5,Saudi Arabian Grand Prix,2025-04-20,Saudi Arabia,Jeddah,Jeddah Corniche Circuit,21.6319,39.1044,norris,NOR,Lando Norris,British,4,mclaren,McLaren,4,4,12.0,10,50,Finished,,1:31.778,1.0,6,False,False,True,False,89.0,2.0,1,88.0,1.0,20.427,20.427,10.0,
2025,5,Saudi Arabian Grand Prix,2025-04-20,Saudi Arabia,Jeddah,Jeddah Corniche Circuit,21.6319,39.1044,russell,RUS,George Russell,British,63,mercedes,Mercedes,5,5,10.0,3,50,Finished,,1:32.893,9.0,-2,False,False,True,False,73.0,4.0,0,68.0,1.0,20.329,20.329,3.0,1:27.407
2025,5,Saudi Arabian Grand Prix,2025-04-20,Saudi Arabia,Jeddah,Jeddah Corniche Circuit,21.6319,39.1044,antonelli,ANT,Andrea Kimi Antonelli,Italian,12,mercedes,Mercedes,6,6,8.0,5,50,Finished,,1:32.396,5.0,-1,False,False,True,False,38.0,6.0,0,36.0,1.0,20.399,20.399,5.0,1:27.866
2025,5,Saudi Arabian Grand Prix,2025-04-20,Saudi Arabia,Jeddah,Jeddah Corniche Circuit,21.6319,39.1044,hamilton,HAM,Lewis Hamilton,British,44,ferrari,Ferrari,7,7,6.0,7,50,Finished,,1:32.600,7.0,0,False,False,True,False,31.0,7.0,0,23.0,1.0,20.144,20.144,7.0,1:28.201
2025,5,Saudi Arabian Grand Prix,2025-04-20,Saudi Arabia,Jeddah,Jeddah Corniche Circuit,21.6319,39.1044,sainz,SAI,Carlos Sainz,Spanish,55,williams,Williams,8,8,4.0,6,50,Finished,,1:32.466,6.0,-2,False,False,True,False,5.0,15.0,0,5.0,1.0,24.148,24.148,6.0,1:28.164
2025,5,Saudi Arabian Grand Prix,2025-04-20,Saudi Arabia,Jeddah,Jeddah Corniche Circuit,21.6319,39.1044,albon,ALB,Alexander Albon,Thai,23,williams,Williams,9,9,2.0,11,50,Finished,,1:33.477,16.0,2,False,False,True,False,20.0,8.0,0,20.0,1.0,22.135,22.135,11.0,
2025,5,Saudi Arabian Grand Prix,2025-04-20,Saudi Arabia,Jeddah,Jeddah Corniche Circuit,21.6319,39.1044,hadjar,HAD,Isack Hadjar,French,6,rb,RB F1 Team,10,10,1.0,14,50,Finished,,1:33.257,14.0,4,False,False,True,False,5.0,14.0,0,5.0,1.0,20.827,20.827,14.0,
2025,5,Saudi Arabian Grand Prix,2025-04-20,Saudi Arabia,Jeddah,Jeddah Corniche Circuit,21.6319,39.1044,alonso,ALO,Fernando Alonso,Spanish,14,aston_martin,Aston Martin,11,11,0.0,13,50,Finished,,1:33.009,11.0,2,False,False,True,False,0.0,17.0,0,0.0,1.0,21.891,21.891,13.0,
2025,5,Saudi Arabian Grand Prix,2025-04-20,Saudi Arabia,Jeddah,Jeddah Corniche Circuit,21.6319,39.1044,lawson,LAW,Liam Lawson,New Zealander,30,rb,RB F1 Team,12,12,0.0,12,50,Finished,,1:32.998,10.0,0,False,False,True,False,0.0,18.0,0,0.0,1.0,20.534,20.534,12.0,
2025,5,Saudi Arabian Grand Prix,2025-04-20,Saudi Arabia,Jeddah,Jeddah Corniche Circuit,21.6319,39.1044,bearman,BEA,Oliver Bearman,British,87,haas,Haas F1 Team,13,13,0.0,15,50,Finished,,1:33.238,13.0,2,False,False,True,False,6.0,13.0,0,6.0,1.0,22.095,22.095,15.0,
2025,5,Saudi Arabian Grand Prix,2025-04-20,Saudi Arabia,Jeddah,Jeddah Corniche Circuit,21.6319,39.1044,ocon,OCO,Esteban Ocon,French,31,haas,Haas F1 Team,14,14,0.0,19,50,Finished,,1:34.309,17.0,5,False,False,True,False,14.0,9.0,0,14.0,1.0,21.512,21.512,19.0,
2025,5,Saudi Arabian Grand Prix,2025-04-20,Saudi Arabia,Jeddah,Jeddah Corniche Circuit,21.6319,39.1044,hulkenberg,HUL,Nico Hülkenberg,German,27,sauber,Sauber,15,15,0.0,18,49,Lapped,,1:33.446,15.0,3,False,False,False,True,6.0,12.0,0,6.0,1.0,20.441,20.441,18.0,
2025,5,Saudi Arabian Grand Prix,2025-04-20,Saudi Arabia,Jeddah,Jeddah Corniche Circuit,21.6319,39.1044,stroll,STR,Lance Stroll,Canadian,18,aston_martin,Aston Martin,16,16,0.0,16,49,Lapped,,1:32.745,8.0,0,False,False,False,True,10.0,10.0,0,10.0,1.0,20.487,20.487,16.0,
2025,5,Saudi Arabian Grand Prix,2025-04-20,Saudi Arabia,Jeddah,Jeddah Corniche Circuit,21.6319,39.1044,doohan,DOO,Jack Doohan,Australian,7,alpine,Alpine F1 Team,17,17,0.0,17,49,Lapped,,1:33.150,12.0,0,False,False,False,True,0.0,19.0,0,0.0,2.0,21.046,20.571,17.0,
2025,5,Saudi Arabian Grand Prix,2025-04-20,Saudi Arabia,Jeddah,Jeddah Corniche Circuit,21.6319,39.1044,bortoleto,BOR,Gabriel Bortoleto,Brazilian,5,sauber,Sauber,18,18,0.0,20,49,Lapped,,1:34.447,18.0,2,False,False,False,True,0.0,20.0,0,0.0,1.0,21.854,21.854,20.0,
2025,5,Saudi Arabian Grand Prix,2025-04-20,Saudi Arabia,Jeddah,Jeddah Corniche Circuit,21.6319,39.1044,tsunoda,TSU,Yuki Tsunoda,Japanese,22,red_bull,Red Bull,19,R,0.0,8,1,Retired,,,,-11,False,False,False,True,5.0,16.0,0,2.0,,,,8.0,1:28.204
2025,5,Saudi Arabian Grand Prix,2025-04-20,Saudi Arabia,Jeddah,Jeddah Corniche Circuit,21.6319,39.1044,gasly,GAS,Pierre Gasly,French,10,alpine,Alpine F1 Team,20,R,0.0,9,0,Retired,,,,-11,False,False,False,True,6.0,11.0,0,6.0,,,,9.0,1:28.367
2025,6,Miami Grand Prix,2025-05-04,USA,Miami,Miami International Autodrome,25.9581,-80.2389,piastri,PIA,Oscar Piastri,Australian,81,mclaren,McLaren,1,1,25.0,4,57,Finished,,1:29.822,2.0,3,True,True,True,False,131.0,1.0,4,117.0,1.0,22.106,22.106,4.0,1:26.375
2025,6,Miami Grand Prix,2025-05-04,USA,Miami,Miami International Autodrome,25.9581,-80.2389,norris,NOR,Lando Norris,British,4,mclaren,McLaren,2,2,18.0,2,57,Finished,,1:29.746,1.0,0,False,True,True,False,115.0,2.0,1,106.0,1.0,22.044,22.044,2.0,1:26.269
2025,6,Miami Grand Prix,2025-05-04,USA,Miami,Miami International Autodrome,25.9581,-80.2389,russell,RUS,George Russell,British,63,mercedes,Mercedes,3,3,15.0,5,57,Finished,,1:30.318,3.0,2,False,True,True,False,93.0,4.0,0,83.0,1.0,24.257,24.257,5.0,1:26.385
2025,6,Miami Grand Prix,2025-05-04,USA,Miami,Miami International Autodrome,25.9581,-80.2389,max_verstappen,VER,Max Verstappen,Dutch,1,red_bull,Red Bull,4,4,12.0,1,57,Finished,,1:30.466,5.0,-3,False,False,True,False,99.0,3.0,1,93.0,1.0,22.501,22.501,1.0,1:26.204
2025,6,Miami Grand Prix,2025-05-04,USA,Miami,Miami International Autodrome,25.9581,-80.2389,albon,ALB,Alexander Albon,Thai,23,williams,Williams,5,5,10.0,7,57,Finished,,1:30.482,6.0,2,False,False,True,False,30.0,8.0,0,30.0,1.0,21.906,21.906,7.0,1:26.682
2025,6,Miami Grand Prix,2025-05-04,USA,Miami,Miami International Autodrome,25.9581,-80.2389,antonelli,ANT,Andrea Kimi Antonelli,Italian,12,mercedes,Mercedes,6,6,8.0,3,57,Finished,,1:30.795,9.0,-3,False,False,True,False,48.0,6.0,0,44.0,1.0,24.383,24.383,3.0,1:26.271
2025,6,Miami Grand Prix,2025-05-04,USA,Miami,Miami International Autodrome,25.9581,-80.2389,leclerc,LEC,Charles Leclerc,Monegasque,16,ferrari,Ferrari,7,7,6.0,8,57,Finished,,1:30.461,4.0,1,False,False,True,False,53.0,5.0,0,49.0,1.0,22.183,22.183,8.0,1:26.754
2025,6,Miami Grand Prix,2025-05-04,USA,Miami,Miami International Autodrome,25.9581,-80.2389,hamilton,HAM,Lewis Hamilton,British,44,ferrari,Ferrari,8,8,4.0,12,57,Finished,,1:30.562,7.0,4,False,False,True,False,41.0,7.0,0,27.0,1.0,23.104,23.104,12.0,
2025,6,Miami Grand Prix,2025-05-04,USA,Miami,Miami International Autodrome,25.9581,-80.2389,sainz,SAI,Carlos Sainz,Spanish,55,williams,Williams,9,9,2.0,6,57,Finished,,1:30.703,8.0,-3,False,False,True,False,7.0,13.0,0,7.0,1.0,22.415,22.415,6.0,1:26.569
2025,6,Miami Grand Prix,2025-05-04,USA,Miami,Miami International Autodrome,25.9581,-80.2389,tsunoda,TSU,Yuki Tsunoda,Japanese,22,red_bull,Red Bull,10,10,1.0,10,57,Finished,,1:30.964,10.0,0,False,False,True,False,9.0,11.0,0,3.0,1.0,22.56,22.56,10.0,1:26.943
2025,6,Miami Grand Prix,2025-05-04,USA,Miami,Miami International Autodrome,25.9581,-80.2389,hadjar,HAD,Isack Hadjar,French,6,rb,RB F1 Team,11,11,0.0,11,57,Finished,,1:30.971,11.0,0,False,False,True,False,5.0,16.0,0,5.0,1.0,22.115,22.115,11.0,
2025,6,Miami Grand Prix,2025-05-04,USA,Miami,Miami International Autodrome,25.9581,-80.2389,ocon,OCO,Esteban Ocon,French,31,haas,Haas F1 Team,12,12,0.0,9,57,Finished,,1:31.122,13.0,-3,False,False,True,False,14.0,9.0,0,14.0,1.0,23.162,23.162,9.0,1:26.824
2025,6,Miami Grand Prix,2025-05-04,USA,Miami,Miami International Autodrome,25.9581,-80.2389,gasly,GAS,Pierre Gasly,French,10,alpine,Alpine F1 Team,13,13,0.0,20,57,Finished,,1:31.159,14.0,7,False,False,True,False,7.0,12.0,0,6.0,1.0,22.06,22.06,18.0,
2025,6,Miami Grand Prix,2025-05-04,USA,Miami,Miami International Autodrome,25.9581,-80.2389,hulkenberg,HUL,Nico Hülkenberg,German,27,sauber,Sauber,14,14,0.0,16,56,Lapped,,1:31.015,12.0,2,False,False,False,True,6.0,14.0,0,6.0,1.0,22.108,22.108,16.0,
2025,6,Miami Grand Prix,2025-05-04,USA,Miami,Miami International Autodrome,25.9581,-80.2389,alonso,ALO,Fernando Alonso,Spanish,14,aston_martin,Aston Martin,15,15,0.0,17,56,Lapped,,1:31.287,15.0,2,False,False,False,True,0.0,17.0,0,0.0,1.0,23.602,23.602,17.0,
2025,6,Miami Grand Prix,2025-05-04,USA,Miami,Miami International Autodrome,25.9581,-80.2389,stroll,STR,Lance Stroll,Canadian,18,aston_martin,Aston Martin,16,16,0.0,18,56,Lapped,,1:31.769,16.0,2,False,False,False,True,14.0,10.0,0,10.0,1.0,22.317,22.317,19.0,
2025,6,Miami Grand Prix,2025-05-04,USA,Miami,Miami International Autodrome,25.9581,-80.2389,lawson,LAW,Liam Lawson,New Zealander,30,rb,RB F1 Team,17,R,0.0,15,36,Retired,,1:31.770,17.0,-2,False,False,False,True,0.0,18.0,0,0.0,1.0,22.439,22.439,15.0,
2025,6,Miami Grand Prix,2025-05-04,USA,Miami,Miami International Autodrome,25.9581,-80.2389,bortoleto,BOR,Gabriel Bortoleto,Brazilian,5,sauber,Sauber,18,R,0.0,13,30,Retired,,1:32.328,18.0,-5,False,False,False,True,0.0,20.0,0,0.0,1.0,22.188,22.188,13.0,
2025,6,Miami Grand Prix,2025-05-04,USA,Miami,Miami International Autodrome,25.9581,-80.2389,bearman,BEA,Oliver Bearman,British,87,haas,Haas F1 Team,19,R,0.0,19,27,Retired,,1:32.680,19.0,0,False,False,False,True,6.0,15.0,0,6.0,,,,20.0,
2025,6,Miami Grand Prix,2025-05-04,USA,Miami,Miami International Autodrome,25.9581,-80.2389,doohan,DOO,Jack Doohan,Australian,7,alpine,Alpine F1 Team,20,R,0.0,14,0,Retired,,,,-6,False,False,False,True,0.0,19.0,0,0.0,,,,14.0,
2025,7,Emilia Romagna Grand Prix,2025-05-18,Italy,Imola,Autodromo Enzo e Dino Ferrari,44.3439,11.7167,max_verstappen,VER,Max Verstappen,Dutch,1,red_bull,Red Bull,1,1,25.0,2,63,Finished,,1:17.988,1.0,1,True,True,True,False,124.0,3.0,2,118.0,2.0,29.823999999999998,29.657,2.0,1:14.704
2025,7,Emilia Romagna Grand Prix,2025-05-18,Italy,Imola,Autodromo Enzo e Dino Ferrari,44.3439,11.7167,norris,NOR,Lando Norris,British,4,mclaren,McLaren,2,2,18.0,4,63,Finished,,1:18.311,4.0,2,False,True,True,False,133.0,2.0,1,124.0,2.0,30.594,29.513,4.0,1:14.962
2025,7,Emilia Romagna Grand Prix,2025-05-18,Italy,Imola,Autodromo Enzo e Dino Ferrari,44.3439,11.7167,piastri,PIA,Oscar Piastri,Australian,81,mclaren,McLaren,3,3,15.0,1,63,Finished,,1:18.894,5.0,-2,False,True,True,False,146.0,1.0,4,132.0,2.0,30.791,30.609,1.0,1:14.670
2025,7,Emilia Romagna Grand Prix,2025-05-18,Italy,Imola,Autodromo Enzo e Dino Ferrari,44.3439,11.7167,hamilton,HAM,Lewis Hamilton,British,44,ferrari,Ferrari,4,4,12.0,12,63,Finished,,1:18.265,2.0,8,False,False,True,False,53.0,6.0,0,39.0,2.0,29.9495,29.949,12.0,
2025,7,Emilia Romagna Grand Prix,2025-05-18,Italy,Imola,Autodromo Enzo e Dino Ferrari,44.3439,11.7167,albon,ALB,Alexander Albon,Thai,23,williams,Williams,5,5,10.0,7,63,Finished,,1:18.289,3.0,2,False,False,True,False,40.0,8.0,0,40.0,2.0,30.128500000000003,29.786,7.0,1:15.473
2025,7,Emilia Romagna Grand Prix,2025-05-18,Italy,Imola,Autodromo Enzo e Dino Ferrari,44.3439,11.7167,leclerc,LEC,Charles Leclerc,Monegasque,16,ferrari,Ferrari,6,6,8.0,11,63,Finished,,1:19.048,6.0,5,False,False,True,False,61.0,5.0,0,57.0,2.0,30.766,29.634,11.0,
2025,7,Emilia Romagna Grand Prix,2025-05-18,Italy,Imola,Autodromo Enzo e Dino Ferrari,44.3439,11.7167,russell,RUS,George Russell,British,63,mercedes,Mercedes,7,7,6.0,3,63,Finished,,1:19.733,9.0,-4,False,False,True,False,99.0,4.0,0,89.0,2.0,30.269,29.784,3.0,1:14.807
2025,7,Emilia Romagna Grand Prix,2025-05-18,Italy,Imola,Autodromo Enzo e Dino Ferrari,44.3439,11.7167,sainz,SAI,Carlos Sainz,Spanish,55,williams,Williams,8,8,4.0,6,63,Finished,,1:19.836,10.0,-2,False,False,True,False,11.0,11.0,0,11.0,2.0,30.3575,30.08,6.0,1:15.432
2025,7,Emilia Romagna Grand Prix,2025-05-18,Italy,Imola,Autodromo Enzo e Dino Ferrari,44.3439,11.7167,hadjar,HAD,Isack Hadjar,French,6,rb,RB F1 Team,9,9,2.0,9,63,Finished,,1:19.473,7.0,0,False,False,True,False,7.0,14.0,0,7.0,2.0,30.1095,30.096,9.0,1:15.746
2025,7,Emilia Romagna Grand Prix,2025-05-18,Italy,Imola,Autodromo Enzo e Dino Ferrari,44.3439,11.7167,tsunoda,TSU,Yuki Tsunoda,Japanese,22,red_bull,Red Bull,10,10,1.0,20,63,Finished,,1:20.039,12.0,10,False,False,True,False,10.0,12.0,0,4.0,1.0,29.807,29.807,20.0,
2025,7,Emilia Romagna Grand Prix,2025-05-18,Italy,Imola,Autodromo Enzo e Dino Ferrari,44.3439,11.7167,alonso,ALO,Fernando Alonso,Spanish,14,aston_martin,Aston Martin,11,11,0.0,5,63,Finished,,1:19.894,11.0,-6,False,False,True,False,0.0,17.0,0,0.0,2.0,30.5245,30.163,5.0,1:15.431
2025,7,Emilia Romagna Grand Prix,2025-05-18,Italy,Imola,Autodromo Enzo e Dino Ferrari,44.3439,11.7167,hulkenberg,HUL,Nico Hülkenberg,German,27,sauber,Sauber,12,12,0.0,17,63,Finished,,1:20.401,15.0,5,False,False,True,False,6.0,15.0,0,6.0,1.0,30.184,30.184,17.0,
2025,7,Emilia Romagna Grand Prix,2025-05-18,Italy,Imola,Autodromo Enzo e Dino Ferrari,44.3439,11.7167,gasly,GAS,Pierre Gasly,French,10,alpine,Alpine F1 Team,13,13,0.0,10,63,Finished,,1:20.398,14.0,-3,False,False,True,False,7.0,13.0,0,6.0,2.0,31.7455,31.488,10.0,1:15.787
2025,7,Emilia Romagna Grand Prix,2025-05-18,Italy,Imola,Autodromo Enzo e Dino Ferrari,44.3439,11.7167,lawson,LAW,Liam Lawson,New Zealander,30,rb,RB F1 Team,14,14,0.0,15,63,Finished,,1:20.473,16.0,1,False,False,True,False,0.0,18.0,0,0.0,2.0,29.993000000000002,29.695,16.0,
2025,7,Emilia Romagna Grand Prix,2025-05-18,Italy,Imola,Autodromo Enzo e Dino Ferrari,44.3439,11.7167,stroll,STR,Lance Stroll,Canadian,18,aston_martin,Aston Martin,15,15,0.0,8,63,Finished,,1:20.501,17.0,-7,False,False,True,False,14.0,10.0,0,10.0,2.0,32.857,31.218,8.0,1:15.581
2025,7,Emilia Romagna Grand Prix,2025-05-18,Italy,Imola,Autodromo Enzo e Dino Ferrari,44.3439,11.7167,colapinto,COL,Franco Colapinto,Argentine,43,alpine,Alpine F1 Team,16,16,0.0,16,63,Finished,,1:20.345,13.0,0,False,False,True,False,0.0,21.0,0,0.0,2.0,30.712,30.317,15.0,
2025,7,Emilia Romagna Grand Prix,2025-05-18,Italy,Imola,Autodromo Enzo e Dino Ferrari,44.3439,11.7167,bearman,BEA,Oliver Bearman,British,87,haas,Haas F1 Team,17,17,0.0,19,63,Finished,,1:19.521,8.0,2,False,False,True,False,6.0,16.0,0,6.0,2.0,44.085499999999996,31.414,19.0,
2025,7,Emilia Romagna Grand Prix,2025-05-18,Italy,Imola,Autodromo Enzo e Dino Ferrari,44.3439,11.7167,bortoleto,BOR,Gabriel Bortoleto,Brazilian,5,sauber,Sauber,18,18,0.0,14,63,Finished,,1:20.630,19.0,-4,False,False,True,False,0.0,20.0,0,0.0,3.0,30.476,29.917,14.0,
2025,7,Emilia Romagna Grand Prix,2025-05-18,Italy,Imola,Autodromo Enzo e Dino Ferrari,44.3439,11.7167,antonelli,ANT,Andrea Kimi Antonelli,Italian,12,mercedes,Mercedes,19,R,0.0,13,44,Retired,,1:20.620,18.0,-6,False,False,False,True,48.0,7.0,0,44.0,1.0,30.051,30.051,13.0,
2025,7,Emilia Romagna Grand Prix,2025-05-18,Italy,Imola,Autodromo Enzo e Dino Ferrari,44.3439,11.7167,ocon,OCO,Esteban Ocon,French,31,haas,Haas F1 Team,20,R,0.0,18,27,Retired,,1:21.413,20.0,-2,False,False,False,True,14.0,9.0,0,14.0,1.0,30.506,30.506,18.0,
2025,8,Monaco Grand Prix,2025-05-25,Monaco,Monte Carlo,Circuit de Monaco,43.7347,7.42056,norris,NOR,Lando Norris,British,4,mclaren,McLaren,1,1,25.0,1,78,Finished,,1:13.221,1.0,0,True,True,True,False,158.0,2.0,2,149.0,2.0,24.1245,23.704,1.0,1:09.954
2025,8,Monaco Grand Prix,2025-05-25,Monaco,Monte Carlo,Circuit de Monaco,43.7347,7.42056,leclerc,LEC,Charles Leclerc,Monegasque,16,ferrari,Ferrari,2,2,18.0,2,78,Finished,,1:14.055,6.0,0,False,True,True,False,79.0,5.0,0,75.0,2.0,23.627000000000002,23.576,2.0,1:10.063
2025,8,Monaco Grand Prix,2025-05-25,Monaco,Monte Carlo,Circuit de Monaco,43.7347,7.42056,piastri,PIA,Oscar Piastri,Australian,81,mclaren,McLaren,3,3,15.0,3,78,Finished,,1:13.745,4.0,0,False,True,True,False,161.0,1.0,4,147.0,2.0,24.832,23.908,3.0,1:10.129
2025,8,Monaco Grand Prix,2025-05-25,Monaco,Monte Carlo,Circuit de Monaco,43.7347,7.42056,max_verstappen,VER,Max Verstappen,Dutch,1,red_bull,Red Bull,4,4,12.0,4,78,Finished,,1:14.230,8.0,0,False,False,True,False,136.0,3.0,2,130.0,2.0,24.032,23.95,5.0,1:10.669
2025,8,Monaco Grand Prix,2025-05-25,Monaco,Monte Carlo,Circuit de Monaco,43.7347,7.42056,hamilton,HAM,Lewis Hamilton,British,44,ferrari,Ferrari,5,5,10.0,7,78,Finished,,1:14.090,7.0,2,False,False,True,False,63.0,6.0,0,49.0,2.0,23.9105,23.565,4.0,1:10.382
2025,8,Monaco Grand Prix,2025-05-25,Monaco,Monte Carlo,Circuit de Monaco,43.7347,7.42056,hadjar,HAD,Isack Hadjar,French,6,rb,RB F1 Team,6,6,8.0,5,77,Lapped,,1:15.981,19.0,-1,False,False,False,True,15.0,10.0,0,15.0,2.0,24.171,24.031,6.0,1:10.923
2025,8,Monaco Grand Prix,2025-05-25,Monaco,Monte Carlo,Circuit de Monaco,43.7347,7.42056,ocon,OCO,Esteban Ocon,French,31,haas,Haas F1 Team,7,7,6.0,8,77,Lapped,,1:15.157,14.0,1,False,False,False,True,20.0,9.0,0,20.0,2.0,25.174,24.773,8.0,1:10.942
2025,8,Monaco Grand Prix,2025-05-25,Monaco,Monte Carlo,Circuit de Monaco,43.7347,7.42056,lawson,LAW,Liam Lawson,New Zealander,30,rb,RB F1 Team,8,8,4.0,9,77,Lapped,,1:15.321,17.0,1,False,False,False,True,4.0,17.0,0,4.0,2.0,24.262999999999998,24.206,9.0,1:11.129
2025,8,Monaco Grand Prix,2025-05-25,Monaco,Monte Carlo,Circuit de Monaco,43.7347,7.42056,albon,ALB,Alexander Albon,Thai,23,williams,Williams,9,9,2.0,10,76,Lapped,,1:14.597,9.0,1,False,False,False,True,42.0,8.0,0,42.0,2.0,24.058500000000002,23.927,10.0,1:11.213
2025,8,Monaco Grand Prix,2025-05-25,Monaco,Monte Carlo,Circuit de Monaco,43.7347,7.42056,sainz,SAI,Carlos Sainz,Spanish,55,williams,Williams,10,10,1.0,11,76,Lapped,,1:13.988,5.0,1,False,False,False,True,12.0,12.0,0,12.0,2.0,24.2735,24.049,11.0,
2025,8,Monaco Grand Prix,2025-05-25,Monaco,Monte Carlo,Circuit de Monaco,43.7347,7.42056,russell,RUS,George Russell,British,63,mercedes,Mercedes,11,11,0.0,14,76,Lapped,,1:13.405,2.0,3,False,False,False,True,99.0,4.0,0,89.0,3.0,22.856666666666666,19.482,14.0,
2025,8,Monaco Grand Prix,2025-05-25,Monaco,Monte Carlo,Circuit de Monaco,43.7347,7.42056,bearman,BEA,Oliver Bearman,British,87,haas,Haas F1 Team,12,12,0.0,20,76,Lapped,,1:14.855,10.0,8,False,False,False,True,6.0,16.0,0,6.0,2.0,37.3855,24.58,17.0,
2025,8,Monaco Grand Prix,2025-05-25,Monaco,Monte Carlo,Circuit de Monaco,43.7347,7.42056,colapinto,COL,Franco Colapinto,Argentine,43,alpine,Alpine F1 Team,13,13,0.0,18,76,Lapped,,1:15.298,16.0,5,False,False,False,True,0.0,20.0,0,0.0,2.0,24.426000000000002,24.355,20.0,
2025,8,Monaco Grand Prix,2025-05-25,Monaco,Monte Carlo,Circuit de Monaco,43.7347,7.42056,bortoleto,BOR,Gabriel Bortoleto,Brazilian,5,sauber,Sauber,14,14,0.0,16,76,Lapped,,1:14.884,12.0,2,False,False,False,True,0.0,21.0,0,0.0,3.0,28.65733333333333,24.246,16.0,
2025,8,Monaco Grand Prix,2025-05-25,Monaco,Monte Carlo,Circuit de Monaco,43.7347,7.42056,stroll,STR,Lance Stroll,Canadian,18,aston_martin,Aston Martin,15,15,0.0,19,76,Lapped,,1:14.877,11.0,4,False,False,False,True,14.0,11.0,0,10.0,2.0,24.947000000000003,23.978,19.0,
2025,8,Monaco Grand Prix,2025-05-25,Monaco,Monte Carlo,Circuit de Monaco,43.7347,7.42056,hulkenberg,HUL,Nico Hülkenberg,German,27,sauber,Sauber,16,16,0.0,13,76,Lapped,,1:15.223,15.0,-3,False,False,False,True,6.0,15.0,0,6.0,2.0,24.231,24.065,13.0,
2025,8,Monaco Grand Prix,2025-05-25,Monaco,Monte Carlo,Circuit de Monaco,43.7347,7.42056,tsunoda,TSU,Yuki Tsunoda,Japanese,22,red_bull,Red Bull,17,17,0.0,12,76,Lapped,,1:14.913,13.0,-5,False,False,False,True,10.0,13.0,0,4.0,2.0,24.3055,24.086,12.0,
2025,8,Monaco Grand Prix,2025-05-25,Monaco,Monte Carlo,Circuit de Monaco,43.7347,7.42056,antonelli,ANT,Andrea Kimi Antonelli,Italian,12,mercedes,Mercedes,18,18,0.0,15,75,Lapped,,1:13.518,3.0,-3,False,False,False,True,48.0,7.0,0,44.0,2.0,24.647,24.457,15.0,
2025,8,Monaco Grand Prix,2025-05-25,Monaco,Monte Carlo,Circuit de Monaco,43.7347,7.42056,alonso,ALO,Fernando Alonso,Spanish,14,aston_martin,Aston Martin,19,R,0.0,6,36,Retired,,1:15.593,18.0,-13,False,False,False,True,0.0,18.0,0,0.0,1.0,25.375,25.375,7.0,1:10.924
2025,8,Monaco Grand Prix,2025-05-25,Monaco,Monte Carlo,Circuit de Monaco,43.7347,7.42056,gasly,GAS,Pierre Gasly,French,10,alpine,Alpine F1 Team,20,R,0.0,17,7,Retired,,1:18.054,20.0,-3,False,False,False,True,7.0,14.0,0,6.0,1.0,24.376,24.376,18.0,
2025,9,Spanish Grand Prix,2025-06-01,Spain,Barcelona,Circuit de Barcelona-Catalunya,41.57,2.26111,piastri,PIA,Oscar Piastri,Australian,81,mclaren,McLaren,1,1,25.0,1,66,Finished,,1:15.743,1.0,0,True,True,True,False,186.0,1.0,5,172.0,3.0,22.148,21.838,1.0,1:11.546
2025,9,Spanish Grand Prix,2025-06-01,Spain,Barcelona,Circuit de Barcelona-Catalunya,41.57,2.26111,norris,NOR,Lando Norris,British,4,mclaren,McLaren,2,2,18.0,2,66,Finished,,1:16.187,2.0,0,False,True,True,False,176.0,2.0,2,167.0,3.0,22.626333333333335,21.863,2.0,1:11.755
2025,9,Spanish Grand Prix,2025-06-01,Spain,Barcelona,Circuit de Barcelona-Catalunya,41.57,2.26111,leclerc,LEC,Charles Leclerc,Monegasque,16,ferrari,Ferrari,3,3,15.0,7,66,Finished,,1:17.259,5.0,4,False,True,True,False,94.0,5.0,0,90.0,3.0,22.046333333333333,21.863,7.0,1:12.131
2025,9,Spanish Grand Prix,2025-06-01,Spain,Barcelona,Circuit de Barcelona-Catalunya,41.57,2.26111,russell,RUS,George Russell,British,63,mercedes,Mercedes,4,4,12.0,4,66,Finished,,1:17.244,4.0,0,False,False,True,False,111.0,4.0,0,101.0,3.0,22.219333333333335,21.739,4.0,1:11.848
2025,9,Spanish Grand Prix,2025-06-01,Spain,Barcelona,Circuit de Barcelona-Catalunya,41.57,2.26111,hulkenberg,HUL,Nico Hülkenberg,German,27,sauber,Sauber,5,5,10.0,15,66,Finished,,1:17.575,6.0,10,False,False,True,False,16.0,11.0,0,16.0,3.0,21.995333333333335,21.849,16.0,
2025,9,Spanish Grand Prix,2025-06-01,Spain,Barcelona,Circuit de Barcelona-Catalunya,41.57,2.26111,hamilton,HAM,Lewis Hamilton,British,44,ferrari,Ferrari,6,6,8.0,5,66,Finished,,1:17.706,7.0,-1,False,False,True,False,71.0,6.0,0,57.0,3.0,23.067666666666668,21.957,5.0,1:12.045
2025,9,Spanish Grand Prix,2025-06-01,Spain,Barcelona,Circuit de Barcelona-Catalunya,41.57,2.26111,hadjar,HAD,Isack Hadjar,French,6,rb,RB F1 Team,7,7,6.0,9,66,Finished,,1:17.770,8.0,2,False,False,True,False,21.0,9.0,0,21.0,3.0,21.87633333333333,21.769,9.0,1:12.252
2025,9,Spanish Grand Prix,2025-06-01,Spain,Barcelona,Circuit de Barcelona-Catalunya,41.57,2.26111,gasly,GAS,Pierre Gasly,French,10,alpine,Alpine F1 Team,8,8,4.0,8,66,Finished,,1:17.896,9.0,0,False,False,True,False,11.0,14.0,0,10.0,3.0,22.349333333333334,22.006,8.0,1:12.199
2025,9,Spanish Grand Prix,2025-06-01,Spain,Barcelona,Circuit de Barcelona-Catalunya,41.57,2.26111,alonso,ALO,Fernando Alonso,Spanish,14,aston_martin,Aston Martin,9,9,2.0,10,66,Finished,,1:18.128,11.0,1,False,False,True,False,2.0,18.0,0,2.0,3.0,22.413333333333338,22.216,10.0,1:12.284
2025,9,Spanish Grand Prix,2025-06-01,Spain,Barcelona,Circuit de Barcelona-Catalunya,41.57,2.26111,max_verstappen,VER,Max Verstappen,Dutch,1,red_bull,Red Bull,10,10,1.0,3,66,Finished,,1:17.019,3.0,-7,False,False,True,False,137.0,3.0,2,131.0,4.0,21.95025,21.802,3.0,1:11.848
2025,9,Spanish Grand Prix,2025-06-01,Spain,Barcelona,Circuit de Barcelona-Catalunya,41.57,2.26111,lawson,LAW,Liam Lawson,New Zealander,30,rb,RB F1 Team,11,11,0.0,13,66,Finished,,1:19.424,18.0,2,False,False,True,False,4.0,17.0,0,4.0,2.0,22.083,22.039,13.0,
2025,9,Spanish Grand Prix,2025-06-01,Spain,Barcelona,Circuit de Barcelona-Catalunya,41.57,2.26111,bortoleto,BOR,Gabriel Bortoleto,Brazilian,5,sauber,Sauber,12,12,0.0,12,66,Finished,,1:18.297,13.0,0,False,False,True,False,0.0,19.0,0,0.0,2.0,22.497,22.041,12.0,
2025,9,Spanish Grand Prix,2025-06-01,Spain,Barcelona,Circuit de Barcelona-Catalunya,41.57,2.26111,tsunoda,TSU,Yuki Tsunoda,Japanese,22,red_bull,Red Bull,13,13,0.0,19,66,Finished,,1:17.998,10.0,6,False,False,True,False,10.0,15.0,0,4.0,4.0,22.00725,21.822,20.0,
2025,9,Spanish Grand Prix,2025-06-01,Spain,Barcelona,Circuit de Barcelona-Catalunya,41.57,2.26111,sainz,SAI,Carlos Sainz,Spanish,55,williams,Williams,14,14,0.0,17,66,Finished,,1:19.317,17.0,3,False,False,True,False,12.0,13.0,0,12.0,3.0,24.959000000000003,21.984,18.0,
2025,9,Spanish Grand Prix,2025-06-01,Spain,Barcelona,Circuit de Barcelona-Catalunya,41.57,2.26111,colapinto,COL,Franco Colapinto,Argentine,43,alpine,Alpine F1 Team,15,15,0.0,18,66,Finished,,1:18.353,14.0,3,False,False,True,False,0.0,21.0,0,0.0,3.0,22.16133333333333,21.874,19.0,
2025,9,Spanish Grand Prix,2025-06-01,Spain,Barcelona,Circuit de Barcelona-Catalunya,41.57,2.26111,ocon,OCO,Esteban Ocon,French,31,haas,Haas F1 Team,16,16,0.0,16,66,Finished,,1:18.624,15.0,0,False,False,True,False,20.0,10.0,0,20.0,2.0,22.511,22.468,17.0,
2025,9,Spanish Grand Prix,2025-06-01,Spain,Barcelona,Circuit de Barcelona-Catalunya,41.57,2.26111,bearman,BEA,Oliver Bearman,British,87,haas,Haas F1 Team,17,17,0.0,14,66,Finished,,1:18.907,16.0,-3,False,False,True,False,6.0,16.0,0,6.0,3.0,22.348,22.009,15.0,
2025,9,Spanish Grand Prix,2025-06-01,Spain,Barcelona,Circuit de Barcelona-Catalunya,41.57,2.26111,antonelli,ANT,Andrea Kimi Antonelli,Italian,12,mercedes,Mercedes,18,R,0.0,6,53,Retired,,1:18.255,12.0,-12,False,False,False,True,48.0,7.0,0,44.0,2.0,22.8455,22.234,6.0,1:12.111
2025,9,Spanish Grand Prix,2025-06-01,Spain,Barcelona,Circuit de Barcelona-Catalunya,41.57,2.26111,albon,ALB,Alexander Albon,Thai,23,williams,Williams,19,R,0.0,11,27,Retired,,1:20.508,19.0,-8,False,False,False,True,42.0,8.0,0,42.0,2.0,34.2485,30.823,11.0,
2025,10,Canadian Grand Prix,2025-06-15,Canada,Montreal,Circuit Gilles Villeneuve,45.5,-73.5228,russell,RUS,George Russell,British,63,mercedes,Mercedes,1,1,25.0,1,70,Finished,,1:14.119,1.0,0,True,True,True,False,136.0,4.0,1,126.0,5.0,20.699,18.265,1.0,1:10.899
2025,10,Canadian Grand Prix,2025-06-15,Canada,Montreal,Circuit Gilles Villeneuve,45.5,-73.5228,max_verstappen,VER,Max Verstappen,Dutch,1,red_bull,Red Bull,2,2,18.0,2,70,Finished,,1:14.287,5.0,0,False,True,True,False,155.0,3.0,2,149.0,5.0,20.506399999999996,18.294,2.0,1:11.059
2025,10,Canadian Grand Prix,2025-06-15,Canada,Montreal,Circuit Gilles Villeneuve,45.5,-73.5228,antonelli,ANT,Andrea Kimi Antonelli,Italian,12,mercedes,Mercedes,3,3,15.0,4,70,Finished,,1:14.455,7.0,1,False,True,True,False,63.0,7.0,0,59.0,5.0,20.4572,18.275,4.0,1:11.391
2025,10,Canadian Grand Prix,2025-06-15,Canada,Montreal,Circuit Gilles Villeneuve,45.5,-73.5228,piastri,PIA,Oscar Piastri,Australian,81,mclaren,McLaren,4,4,12.0,3,70,Finished,,1:14.255,3.0,-1,False,False,True,False,198.0,1.0,5,184.0,5.0,21.866,18.25,3.0,1:11.120
2025,10,Canadian Grand Prix,2025-06-15,Canada,Montreal,Circuit Gilles Villeneuve,45.5,-73.5228,leclerc,LEC,Charles Leclerc,Monegasque,16,ferrari,Ferrari,5,5,10.0,8,70,Finished,,1:14.261,4.0,3,False,False,True,False,104.0,5.0,0,100.0,5.0,20.4198,18.265,8.0,1:11.682
2025,10,Canadian Grand Prix,2025-06-15,Canada,Montreal,Circuit Gilles Villeneuve,45.5,-73.5228,hamilton,HAM,Lewis Hamilton,British,44,ferrari,Ferrari,6,6,8.0,5,70,Finished,,1:14.805,9.0,-1,False,False,True,False,79.0,6.0,0,65.0,5.0,20.3344,18.24,5.0,1:11.526
2025,10,Canadian Grand Prix,2025-06-15,Canada,Montreal,Circuit Gilles Villeneuve,45.5,-73.5228,alonso,ALO,Fernando Alonso,Spanish,14,aston_martin,Aston Martin,7,7,6.0,6,70,Finished,,1:15.024,12.0,-1,False,False,True,False,8.0,16.0,0,8.0,6.0,20.047166666666666,18.199,6.0,1:11.586
2025,10,Canadian Grand Prix,2025-06-15,Canada,Montreal,Circuit Gilles Villeneuve,45.5,-73.5228,hulkenberg,HUL,Nico Hülkenberg,German,27,sauber,Sauber,8,8,4.0,11,70,Finished,,1:15.372,14.0,3,False,False,True,False,20.0,11.0,0,20.0,5.0,19.337,18.298,13.0,
2025,10,Canadian Grand Prix,2025-06-15,Canada,Montreal,Circuit Gilles Villeneuve,45.5,-73.5228,ocon,OCO,Esteban Ocon,French,31,haas,Haas F1 Team,9,9,2.0,14,69,Lapped,,1:14.593,8.0,5,False,False,False,True,22.0,9.0,0,22.0,4.0,19.79525,18.24,15.0,
2025,10,Canadian Grand Prix,2025-06-15,Canada,Montreal,Circuit Gilles Villeneuve,45.5,-73.5228,sainz,SAI,Carlos Sainz,Spanish,55,williams,Williams,10,10,1.0,16,69,Lapped,,1:14.389,6.0,6,False,False,False,True,13.0,13.0,0,13.0,4.0,19.487000000000002,18.195,17.0,
2025,10,Canadian Grand Prix,2025-06-15,Canada,Montreal,Circuit Gilles Villeneuve,45.5,-73.5228,bearman,BEA,Oliver Bearman,British,87,haas,Haas F1 Team,11,11,0.0,13,69,Lapped,,1:15.397,15.0,2,False,False,False,True,6.0,17.0,0,6.0,4.0,22.01475,18.255,14.0,
2025,10,Canadian Grand Prix,2025-06-15,Canada,Montreal,Circuit Gilles Villeneuve,45.5,-73.5228,tsunoda,TSU,Yuki Tsunoda,Japanese,22,red_bull,Red Bull,12,12,0.0,18,69,Lapped,,1:15.358,13.0,6,False,False,False,True,10.0,15.0,0,4.0,4.0,19.98225,18.24,11.0,
2025,10,Canadian Grand Prix,2025-06-15,Canada,Montreal,Circuit Gilles Villeneuve,45.5,-73.5228,colapinto,COL,Franco Colapinto,Argentine,43,alpine,Alpine F1 Team,13,13,0.0,10,69,Lapped,,1:16.076,17.0,-3,False,False,False,True,0.0,20.0,0,0.0,4.0,19.828249999999997,18.19,12.0,
2025,10,Canadian Grand Prix,2025-06-15,Canada,Montreal,Circuit Gilles Villeneuve,45.5,-73.5228,bortoleto,BOR,Gabriel Bortoleto,Brazilian,5,sauber,Sauber,14,14,0.0,15,69,Lapped,,1:15.414,16.0,1,False,False,False,True,0.0,19.0,0,0.0,4.0,19.60925,18.23,16.0,
2025,10,Canadian Grand Prix,2025-06-15,Canada,Montreal,Circuit Gilles Villeneuve,45.5,-73.5228,gasly,GAS,Pierre Gasly,French,10,alpine,Alpine F1 Team,15,15,0.0,20,69,Lapped,,1:14.993,11.0,5,False,False,False,True,11.0,14.0,0,10.0,4.0,19.65675,18.211,20.0,
2025,10,Canadian Grand Prix,2025-06-15,Canada,Montreal,Circuit Gilles Villeneuve,45.5,-73.5228,hadjar,HAD,Isack Hadjar,French,6,rb,RB F1 Team,16,16,0.0,12,69,Lapped,,1:16.292,19.0,-4,False,False,False,True,21.0,10.0,0,21.0,4.0,21.095,18.273,9.0,1:11.867
2025,10,Canadian Grand Prix,2025-06-15,Canada,Montreal,Circuit Gilles Villeneuve,45.5,-73.5228,stroll,STR,Lance Stroll,Canadian,18,aston_martin,Aston Martin,17,17,0.0,17,69,Lapped,,1:14.902,10.0,0,False,False,False,True,14.0,12.0,0,10.0,5.0,23.743599999999997,18.225,18.0,
2025,10,Canadian Grand Prix,2025-06-15,Canada,Montreal,Circuit Gilles Villeneuve,45.5,-73.5228,norris,NOR,Lando Norris,British,4,mclaren,McLaren,18,18,0.0,7,66,Retired,,1:14.229,2.0,-11,False,False,False,True,176.0,2.0,2,167.0,2.0,23.347,23.223,7.0,1:11.625
2025,10,Canadian Grand Prix,2025-06-15,Canada,Montreal,Circuit Gilles Villeneuve,45.5,-73.5228,lawson,LAW,Liam Lawson,New Zealander,30,rb,RB F1 Team,19,R,0.0,19,53,Retired,,1:16.320,20.0,0,False,False,False,True,4.0,18.0,0,4.0,1.0,23.28,23.28,19.0,
2025,10,Canadian Grand Prix,2025-06-15,Canada,Montreal,Circuit Gilles Villeneuve,45.5,-73.5228,albon,ALB,Alexander Albon,Thai,23,williams,Williams,20,R,0.0,9,46,Retired,,1:16.197,18.0,-11,False,False,False,True,42.0,8.0,0,42.0,1.0,23.898,23.898,10.0,1:11.907
2025,11,Austrian Grand Prix,2025-06-29,Austria,Spielberg,Red Bull Ring,47.2197,14.7647,norris,NOR,Lando Norris,British,4,mclaren,McLaren,1,1,25.0,1,70,Finished,,1:08.272,2.0,0,True,True,True,False,201.0,2.0,3,192.0,2.0,21.779,21.427,1.0,1:03.971
2025,11,Austrian Grand Prix,2025-06-29,Austria,Spielberg,Red Bull Ring,47.2197,14.7647,piastri,PIA,Oscar Piastri,Australian,81,mclaren,McLaren,2,2,18.0,3,70,Finished,,1:07.924,1.0,1,False,True,True,False,216.0,1.0,5,202.0,2.0,21.816000000000003,21.033,3.0,1:04.554
2025,11,Austrian Grand Prix,2025-06-29,Austria,Spielberg,Red Bull Ring,47.2197,14.7647,leclerc,LEC,Charles Leclerc,Monegasque,16,ferrari,Ferrari,3,3,15.0,2,70,Finished,,1:08.765,4.0,-1,False,True,True,False,119.0,5.0,0,115.0,2.0,21.422,21.308,2.0,1:04.492
2025,11,Austrian Grand Prix,2025-06-29,Austria,Spielberg,Red Bull Ring,47.2197,14.7647,hamilton,HAM,Lewis Hamilton,British,44,ferrari,Ferrari,4,4,12.0,4,70,Finished,,1:08.628,3.0,0,False,False,True,False,91.0,6.0,0,77.0,2.0,21.2225,21.158,4.0,1:04.582
2025,11,Austrian Grand Prix,2025-06-29,Austria,Spielberg,Red Bull Ring,47.2197,14.7647,russell,RUS,George Russell,British,63,mercedes,Mercedes,5,5,10.0,5,70,Finished,,1:09.372,7.0,0,False,False,True,False,146.0,4.0,1,136.0,2.0,21.599,21.344,5.0,1:04.763
2025,11,Austrian Grand Prix,2025-06-29,Austria,Spielberg,Red Bull Ring,47.2197,14.7647,lawson,LAW,Liam Lawson,New Zealander,30,rb,RB F1 Team,6,6,8.0,6,70,Finished,,1:09.977,14.0,0,False,False,True,False,12.0,15.0,0,12.0,1.0,21.434,21.434,6.0,1:04.926
2025,11,Austrian Grand Prix,2025-06-29,Austria,Spielberg,Red Bull Ring,47.2197,14.7647,alonso,ALO,Fernando Alonso,Spanish,14,aston_martin,Aston Martin,7,7,6.0,11,69,Lapped,,1:09.935,12.0,4,False,False,False,True,14.0,13.0,0,14.0,1.0,21.865,21.865,11.0,
2025,11,Austrian Grand Prix,2025-06-29,Austria,Spielberg,Red Bull Ring,47.2197,14.7647,bortoleto,BOR,Gabriel Bortoleto,Brazilian,5,sauber,Sauber,8,8,4.0,8,69,Lapped,,1:09.247,6.0,0,False,False,False,True,4.0,19.0,0,4.0,2.0,21.481,21.286,8.0,1:05.132
2025,11,Austrian Grand Prix,2025-06-29,Austria,Spielberg,Red Bull Ring,47.2197,14.7647,hulkenberg,HUL,Nico Hülkenberg,German,27,sauber,Sauber,9,9,2.0,20,69,Lapped,,1:09.459,8.0,11,False,False,False,True,22.0,10.0,0,22.0,2.0,21.140500000000003,21.045,20.0,
2025,11,Austrian Grand Prix,2025-06-29,Austria,Spielberg,Red Bull Ring,47.2197,14.7647,ocon,OCO,Esteban Ocon,French,31,haas,Haas F1 Team,10,10,1.0,17,69,Lapped,,1:09.550,9.0,7,False,False,False,True,23.0,9.0,0,23.0,2.0,22.735999999999997,22.284,17.0,
2025,11,Austrian Grand Prix,2025-06-29,Austria,Spielberg,Red Bull Ring,47.2197,14.7647,bearman,BEA,Oliver Bearman,British,87,haas,Haas F1 Team,11,11,0.0,15,69,Lapped,,1:09.960,13.0,4,False,False,False,True,6.0,18.0,0,6.0,2.0,21.8405,21.771,15.0,
2025,11,Austrian Grand Prix,2025-06-29,Austria,Spielberg,Red Bull Ring,47.2197,14.7647,hadjar,HAD,Isack Hadjar,French,6,rb,RB F1 Team,12,12,0.0,13,69,Lapped,,1:10.204,16.0,1,False,False,False,True,21.0,11.0,0,21.0,2.0,21.488500000000002,21.297,13.0,
2025,11,Austrian Grand Prix,2025-06-29,Austria,Spielberg,Red Bull Ring,47.2197,14.7647,gasly,GAS,Pierre Gasly,French,10,alpine,Alpine F1 Team,13,13,0.0,10,69,Lapped,,1:10.151,15.0,-3,False,False,False,True,11.0,16.0,0,10.0,2.0,22.032,21.959,10.0,1:05.649
2025,11,Austrian Grand Prix,2025-06-29,Austria,Spielberg,Red Bull Ring,47.2197,14.7647,stroll,STR,Lance Stroll,Canadian,18,aston_martin,Aston Martin,14,14,0.0,16,69,Lapped,,1:09.214,5.0,2,False,False,False,True,14.0,12.0,0,10.0,2.0,22.335,21.763,16.0,
2025,11,Austrian Grand Prix,2025-06-29,Austria,Spielberg,Red Bull Ring,47.2197,14.7647,colapinto,COL,Franco Colapinto,Argentine,43,alpine,Alpine F1 Team,15,15,0.0,14,69,Lapped,,1:09.621,10.0,-1,False,False,False,True,0.0,20.0,0,0.0,2.0,22.0625,21.087,14.0,
2025,11,Austrian Grand Prix,2025-06-29,Austria,Spielberg,Red Bull Ring,47.2197,14.7647,tsunoda,TSU,Yuki Tsunoda,Japanese,22,red_bull,Red Bull,16,16,0.0,18,68,Lapped,,1:09.802,11.0,2,False,False,False,True,10.0,17.0,0,4.0,3.0,27.067500000000003,21.492,18.0,
2025,11,Austrian Grand Prix,2025-06-29,Austria,Spielberg,Red Bull Ring,47.2197,14.7647,albon,ALB,Alexander Albon,Thai,23,williams,Williams,17,R,0.0,12,15,Retired,,1:10.641,17.0,-5,False,False,False,True,42.0,8.0,0,42.0,1.0,21.21,21.21,12.0,
2025,11,Austrian Grand Prix,2025-06-29,Austria,Spielberg,Red Bull Ring,47.2197,14.7647,max_verstappen,VER,Max Verstappen,Dutch,1,red_bull,Red Bull,18,R,0.0,7,0,Retired,,,,-11,False,False,False,True,155.0,3.0,2,149.0,,,,7.0,1:04.929
2025,11,Austrian Grand Prix,2025-06-29,Austria,Spielberg,Red Bull Ring,47.2197,14.7647,antonelli,ANT,Andrea Kimi Antonelli,Italian,12,mercedes,Mercedes,19,R,0.0,9,0,Retired,,,,-10,False,False,False,True,63.0,7.0,0,59.0,,,,9.0,1:05.276
2025,11,Austrian Grand Prix,2025-06-29,Austria,Spielberg,Red Bull Ring,47.2197,14.7647,sainz,SAI,Carlos Sainz,Spanish,55,williams,Williams,20,W,0.0,19,0,Did not start,,,,-1,False,False,False,True,13.0,14.0,0,13.0,,,,19.0,
2025,12,British Grand Prix,2025-07-06,UK,Silverstone,Silverstone Circuit,52.0786,-1.01694,norris,NOR,Lando Norris,British,4,mclaren,McLaren,1,1,25.0,3,52,Finished,,1:29.734,2.0,2,True,True,True,False,226.0,2.0,4,217.0,2.0,29.421999999999997,28.214,3.0,1:25.010
2025,12,British Grand Prix,2025-07-06,UK,Silverstone,Silverstone Circuit,52.0786,-1.01694,piastri,PIA,Oscar Piastri,Australian,81,mclaren,McLaren,2,2,18.0,2,52,Finished,,1:29.337,1.0,0,False,True,True,False,234.0,1.0,5,220.0,2.0,34.8855,29.491,2.0,1:24.995
2025,12,British Grand Prix,2025-07-06,UK,Silverstone,Silverstone Circuit,52.0786,-1.01694,hulkenberg,HUL,Nico Hülkenberg,German,27,sauber,Sauber,3,3,15.0,19,52,Finished,,1:30.933,14.0,16,False,True,True,False,37.0,9.0,0,37.0,2.0,29.844,29.736,19.0,
2025,12,British Grand Prix,2025-07-06,UK,Silverstone,Silverstone Circuit,52.0786,-1.01694,hamilton,HAM,Lewis Hamilton,British,44,ferrari,Ferrari,4,4,12.0,5,52,Finished,,1:30.016,3.0,1,False,False,True,False,103.0,6.0,0,89.0,2.0,29.022,28.917,5.0,1:25.095
2025,12,British Grand Prix,2025-07-06,UK,Silverstone,Silverstone Circuit,52.0786,-1.01694,max_verstappen,VER,Max Verstappen,Dutch,1,red_bull,Red Bull,5,5,10.0,1,52,Finished,,1:30.179,5.0,-4,False,False,True,False,165.0,3.0,2,159.0,2.0,28.935499999999998,28.182,1.0,1:24.892
2025,12,British Grand Prix,2025-07-06,UK,Silverstone,Silverstone Circuit,52.0786,-1.01694,gasly,GAS,Pierre Gasly,French,10,alpine,Alpine F1 Team,6,6,8.0,8,52,Finished,,1:30.751,8.0,2,False,False,True,False,19.0,13.0,0,18.0,2.0,28.6905,28.469,10.0,1:25.785
2025,12,British Grand Prix,2025-07-06,UK,Silverstone,Silverstone Circuit,52.0786,-1.01694,stroll,STR,Lance Stroll,Canadian,18,aston_martin,Aston Martin,7,7,6.0,17,52,Finished,,1:32.088,15.0,10,False,False,True,False,20.0,12.0,0,16.0,3.0,28.843666666666667,28.553,18.0,
2025,12,British Grand Prix,2025-07-06,UK,Silverstone,Silverstone Circuit,52.0786,-1.01694,albon,ALB,Alexander Albon,Thai,23,williams,Williams,8,8,4.0,13,52,Finished,,1:30.047,4.0,5,False,False,True,False,46.0,8.0,0,46.0,2.0,29.271500000000003,29.251,14.0,
2025,12,British Grand Prix,2025-07-06,UK,Silverstone,Silverstone Circuit,52.0786,-1.01694,alonso,ALO,Fernando Alonso,Spanish,14,aston_martin,Aston Martin,9,9,2.0,7,52,Finished,,1:30.353,6.0,-2,False,False,True,False,16.0,14.0,0,16.0,2.0,28.6205,28.534,9.0,1:25.621
2025,12,British Grand Prix,2025-07-06,UK,Silverstone,Silverstone Circuit,52.0786,-1.01694,russell,RUS,George Russell,British,63,mercedes,Mercedes,10,10,1.0,4,52,Finished,,1:30.869,11.0,-6,False,False,True,False,147.0,4.0,1,137.0,2.0,28.426,28.205,4.0,1:25.029
2025,12,British Grand Prix,2025-07-06,UK,Silverstone,Silverstone Circuit,52.0786,-1.01694,bearman,BEA,Oliver Bearman,British,87,haas,Haas F1 Team,11,11,0.0,18,52,Finished,,1:30.921,13.0,7,False,False,True,False,6.0,18.0,0,6.0,2.0,29.1455,29.09,8.0,1:25.471
2025,12,British Grand Prix,2025-07-06,UK,Silverstone,Silverstone Circuit,52.0786,-1.01694,sainz,SAI,Carlos Sainz,Spanish,55,williams,Williams,12,12,0.0,9,52,Finished,,1:30.645,7.0,-3,False,False,True,False,13.0,15.0,0,13.0,2.0,29.1045,28.655,11.0,
2025,12,British Grand Prix,2025-07-06,UK,Silverstone,Silverstone Circuit,52.0786,-1.01694,ocon,OCO,Esteban Ocon,French,31,haas,Haas F1 Team,13,13,0.0,14,52,Finished,,1:30.818,9.0,1,False,False,True,False,23.0,10.0,0,23.0,2.0,29.104,28.646,15.0,
2025,12,British Grand Prix,2025-07-06,UK,Silverstone,Silverstone Circuit,52.0786,-1.01694,leclerc,LEC,Charles Leclerc,Monegasque,16,ferrari,Ferrari,14,14,0.0,6,52,Finished,,1:30.819,10.0,-8,False,False,True,False,119.0,5.0,0,115.0,2.0,28.9645,28.84,6.0,1:25.121
2025,12,British Grand Prix,2025-07-06,UK,Silverstone,Silverstone Circuit,52.0786,-1.01694,tsunoda,TSU,Yuki Tsunoda,Japanese,22,red_bull,Red Bull,15,15,0.0,11,51,Lapped,,1:30.873,12.0,-4,False,False,False,True,10.0,17.0,0,4.0,2.0,34.344500000000004,28.544,12.0,
2025,12,British Grand Prix,2025-07-06,UK,Silverstone,Silverstone Circuit,52.0786,-1.01694,antonelli,ANT,Andrea Kimi Antonelli,Italian,12,mercedes,Mercedes,16,R,0.0,10,23,Retired,,1:45.576,17.0,-6,False,False,False,True,63.0,7.0,0,59.0,3.0,29.052000000000003,28.707,7.0,1:25.374
2025,12,British Grand Prix,2025-07-06,UK,Silverstone,Silverstone Circuit,52.0786,-1.01694,hadjar,HAD,Isack Hadjar,French,6,rb,RB F1 Team,17,R,0.0,12,17,Retired,,1:41.705,16.0,-5,False,False,False,True,21.0,11.0,0,21.0,1.0,28.523,28.523,13.0,
2025,12,British Grand Prix,2025-07-06,UK,Silverstone,Silverstone Circuit,52.0786,-1.01694,bortoleto,BOR,Gabriel Bortoleto,Brazilian,5,sauber,Sauber,18,R,0.0,16,3,Retired,,2:16.121,18.0,-2,False,False,False,True,4.0,19.0,0,4.0,,,,17.0,
2025,12,British Grand Prix,2025-07-06,UK,Silverstone,Silverstone Circuit,52.0786,-1.01694,lawson,LAW,Liam Lawson,New Zealander,30,rb,RB F1 Team,19,R,0.0,15,0,Retired,,,,-4,False,False,False,True,12.0,16.0,0,12.0,,,,16.0,
2025,12,British Grand Prix,2025-07-06,UK,Silverstone,Silverstone Circuit,52.0786,-1.01694,colapinto,COL,Franco Colapinto,Argentine,43,alpine,Alpine F1 Team,20,W,0.0,20,0,Did not start,,,,0,False,False,False,True,0.0,20.0,0,0.0,,,,20.0,
2025,13,Belgian Grand Prix,2025-07-27,Belgium,Spa,Circuit de Spa-Francorchamps,50.4372,5.97139,piastri,PIA,Oscar Piastri,Australian,81,mclaren,McLaren,1,1,25.0,2,44,Finished,,1:45.706,4.0,1,True,True,True,False,266.0,1.0,6,245.0,1.0,23.844,23.844,2.0,1:40.647
2025,13,Belgian Grand Prix,2025-07-27,Belgium,Spa,Circuit de Spa-Francorchamps,50.4372,5.97139,norris,NOR,Lando Norris,British,4,mclaren,McLaren,2,2,18.0,1,44,Finished,,1:45.257,3.0,-1,False,True,True,False,250.0,2.0,4,235.0,1.0,24.376,24.376,1.0,1:40.562
2025,13,Belgian Grand Prix,2025-07-27,Belgium,Spa,Circuit de Spa-Francorchamps,50.4372,5.97139,leclerc,LEC,Charles Leclerc,Monegasque,16,ferrari,Ferrari,3,3,15.0,3,44,Finished,,1:46.174,9.0,0,False,True,True,False,139.0,5.0,0,130.0,1.0,23.806,23.806,3.0,1:40.900
2025,13,Belgian Grand Prix,2025-07-27,Belgium,Spa,Circuit de Spa-Francorchamps,50.4372,5.97139,max_verstappen,VER,Max Verstappen,Dutch,1,red_bull,Red Bull,4,4,12.0,4,44,Finished,,1:46.096,7.0,0,False,False,True,False,185.0,3.0,2,171.0,1.0,25.913,25.913,4.0,1:40.903
2025,13,Belgian Grand Prix,2025-07-27,Belgium,Spa,Circuit de Spa-Francorchamps,50.4372,5.97139,russell,RUS,George Russell,British,63,mercedes,Mercedes,5,5,10.0,6,44,Finished,,1:46.566,11.0,1,False,False,True,False,157.0,4.0,1,147.0,1.0,23.635,23.635,6.0,1:41.260
2025,13,Belgian Grand Prix,2025-07-27,Belgium,Spa,Circuit de Spa-Francorchamps,50.4372,5.97139,albon,ALB,Alexander Albon,Thai,23,williams,Williams,6,6,8.0,5,44,Finished,,1:46.813,15.0,-1,False,False,True,False,54.0,8.0,0,54.0,1.0,24.029,24.029,5.0,1:41.201
2025,13,Belgian Grand Prix,2025-07-27,Belgium,Spa,Circuit de Spa-Francorchamps,50.4372,5.97139,hamilton,HAM,Lewis Hamilton,British,44,ferrari,Ferrari,7,7,6.0,18,44,Finished,,1:46.534,10.0,11,False,False,True,False,109.0,6.0,0,95.0,1.0,23.284,23.284,16.0,
2025,13,Belgian Grand Prix,2025-07-27,Belgium,Spa,Circuit de Spa-Francorchamps,50.4372,5.97139,lawson,LAW,Liam Lawson,New Zealander,30,rb,RB F1 Team,8,8,4.0,9,44,Finished,,1:46.649,12.0,1,False,False,True,False,16.0,14.0,0,16.0,1.0,23.269,23.269,9.0,1:41.328
2025,13,Belgian Grand Prix,2025-07-27,Belgium,Spa,Circuit de Spa-Francorchamps,50.4372,5.97139,bortoleto,BOR,Gabriel Bortoleto,Brazilian,5,sauber,Sauber,9,9,2.0,10,44,Finished,,1:46.966,16.0,1,False,False,True,False,6.0,19.0,0,6.0,1.0,23.274,23.274,10.0,1:42.387
2025,13,Belgian Grand Prix,2025-07-27,Belgium,Spa,Circuit de Spa-Francorchamps,50.4372,5.97139,gasly,GAS,Pierre Gasly,French,10,alpine,Alpine F1 Team,10,10,1.0,13,44,Finished,,1:47.177,17.0,3,False,False,True,False,20.0,12.0,0,19.0,1.0,26.825,26.825,13.0,
2025,13,Belgian Grand Prix,2025-07-27,Belgium,Spa,Circuit de Spa-Francorchamps,50.4372,5.97139,bearman,BEA,Oliver Bearman,British,87,haas,Haas F1 Team,11,11,0.0,12,44,Finished,,1:46.709,13.0,1,False,False,True,False,8.0,18.0,0,6.0,1.0,24.13,24.13,12.0,
2025,13,Belgian Grand Prix,2025-07-27,Belgium,Spa,Circuit de Spa-Francorchamps,50.4372,5.97139,hulkenberg,HUL,Nico Hülkenberg,German,27,sauber,Sauber,12,12,0.0,14,44,Finished,,1:45.068,2.0,2,False,False,True,False,37.0,9.0,0,37.0,2.0,23.744500000000002,23.599,14.0,
2025,13,Belgian Grand Prix,2025-07-27,Belgium,Spa,Circuit de Spa-Francorchamps,50.4372,5.97139,tsunoda,TSU,Yuki Tsunoda,Japanese,22,red_bull,Red Bull,13,13,0.0,7,44,Finished,,1:47.241,19.0,-6,False,False,True,False,10.0,17.0,0,4.0,1.0,23.33,23.33,7.0,1:41.284
2025,13,Belgian Grand Prix,2025-07-27,Belgium,Spa,Circuit de Spa-Francorchamps,50.4372,5.97139,stroll,STR,Lance Stroll,Canadian,18,aston_martin,Aston Martin,14,14,0.0,16,44,Finished,,1:47.212,18.0,2,False,False,True,False,20.0,13.0,0,16.0,1.0,23.787,23.787,20.0,
2025,13,Belgian Grand Prix,2025-07-27,Belgium,Spa,Circuit de Spa-Francorchamps,50.4372,5.97139,ocon,OCO,Esteban Ocon,French,31,haas,Haas F1 Team,15,15,0.0,11,44,Finished,,1:46.744,14.0,-4,False,False,True,False,27.0,10.0,0,23.0,1.0,23.802,23.802,11.0,
2025,13,Belgian Grand Prix,2025-07-27,Belgium,Spa,Circuit de Spa-Francorchamps,50.4372,5.97139,antonelli,ANT,Andrea Kimi Antonelli,Italian,12,mercedes,Mercedes,16,16,0.0,19,44,Finished,,1:44.861,1.0,3,False,False,True,False,63.0,7.0,0,59.0,2.0,23.334000000000003,23.059,18.0,
2025,13,Belgian Grand Prix,2025-07-27,Belgium,Spa,Circuit de Spa-Francorchamps,50.4372,5.97139,alonso,ALO,Fernando Alonso,Spanish,14,aston_martin,Aston Martin,17,17,0.0,20,44,Finished,,1:45.849,5.0,3,False,False,True,False,16.0,15.0,0,16.0,2.0,23.548000000000002,23.404,19.0,
2025,13,Belgian Grand Prix,2025-07-27,Belgium,Spa,Circuit de Spa-Francorchamps,50.4372,5.97139,sainz,SAI,Carlos Sainz,Spanish,55,williams,Williams,18,18,0.0,17,44,Finished,,1:46.073,6.0,-1,False,False,True,False,16.0,16.0,0,13.0,2.0,25.649,23.77,15.0,
2025,13,Belgian Grand Prix,2025-07-27,Belgium,Spa,Circuit de Spa-Francorchamps,50.4372,5.97139,colapinto,COL,Franco Colapinto,Argentine,43,alpine,Alpine F1 Team,19,19,0.0,15,44,Finished,,1:46.104,8.0,-4,False,False,True,False,0.0,20.0,0,0.0,2.0,23.557000000000002,23.449,17.0,
2025,13,Belgian Grand Prix,2025-07-27,Belgium,Spa,Circuit de Spa-Francorchamps,50.4372,5.97139,hadjar,HAD,Isack Hadjar,French,6,rb,RB F1 Team,20,20,0.0,8,43,Lapped,,1:47.667,20.0,-12,False,False,False,True,22.0,11.0,0,21.0,2.0,23.478,23.376,8.0,1:41.310
2025,14,Hungarian Grand Prix,2025-08-03,Hungary,Budapest,Hungaroring,47.5789,19.2486,norris,NOR,Lando Norris,British,4,mclaren,McLaren,1,1,25.0,3,70,Finished,,1:19.918,5.0,2,True,True,True,False,275.0,2.0,5,260.0,1.0,20.94,20.94,3.0,1:15.413
2025,14,Hungarian Grand Prix,2025-08-03,Hungary,Budapest,Hungaroring,47.5789,19.2486,piastri,PIA,Oscar Piastri,Australian,81,mclaren,McLaren,2,2,18.0,2,70,Finished,,1:19.412,2.0,0,False,True,True,False,284.0,1.0,6,263.0,2.0,21.0425,20.94,2.0,1:15.398
2025,14,Hungarian Grand Prix,2025-08-03,Hungary,Budapest,Hungaroring,47.5789,19.2486,russell,RUS,George Russell,British,63,mercedes,Mercedes,3,3,15.0,4,70,Finished,,1:19.409,1.0,1,False,True,True,False,172.0,4.0,1,162.0,2.0,21.5765,21.45,4.0,1:15.425
2025,14,Hungarian Grand Prix,2025-08-03,Hungary,Budapest,Hungaroring,47.5789,19.2486,leclerc,LEC,Charles Leclerc,Monegasque,16,ferrari,Ferrari,4,4,12.0,1,70,Finished,,1:20.440,9.0,-3,False,False,True,False,151.0,5.0,0,142.0,2.0,21.133,21.13,1.0,1:15.372
2025,14,Hungarian Grand Prix,2025-08-03,Hungary,Budapest,Hungaroring,47.5789,19.2486,alonso,ALO,Fernando Alonso,Spanish,14,aston_martin,Aston Martin,5,5,10.0,5,70,Finished,,1:20.113,8.0,0,False,False,True,False,26.0,11.0,0,26.0,1.0,22.204,22.204,5.0,1:15.481
2025,14,Hungarian Grand Prix,2025-08-03,Hungary,Budapest,Hungaroring,47.5789,19.2486,bortoleto,BOR,Gabriel Bortoleto,Brazilian,5,sauber,Sauber,6,6,8.0,7,70,Finished,,1:20.705,11.0,1,False,False,True,False,14.0,17.0,0,14.0,1.0,21.773,21.773,7.0,1:15.725
2025,14,Hungarian Grand Prix,2025-08-03,Hungary,Budapest,Hungaroring,47.5789,19.2486,stroll,STR,Lance Stroll,Canadian,18,aston_martin,Aston Martin,7,7,6.0,6,70,Finished,,1:20.708,12.0,-1,False,False,True,False,26.0,12.0,0,22.0,1.0,21.464,21.464,6.0,1:15.498
2025,14,Hungarian Grand Prix,2025-08-03,Hungary,Budapest,Hungaroring,47.5789,19.2486,lawson,LAW,Liam Lawson,New Zealander,30,rb,RB F1 Team,8,8,4.0,9,70,Finished,,1:20.457,10.0,1,False,False,True,False,20.0,15.0,0,20.0,1.0,22.136,22.136,9.0,1:15.821
2025,14,Hungarian Grand Prix,2025-08-03,Hungary,Budapest,Hungaroring,47.5789,19.2486,max_verstappen,VER,Max Verstappen,Dutch,1,red_bull,Red Bull,9,9,2.0,8,70,Finished,,1:19.576,3.0,-1,False,False,True,False,187.0,3.0,2,173.0,2.0,21.3455,21.258,8.0,1:15.728
2025,14,Hungarian Grand Prix,2025-08-03,Hungary,Budapest,Hungaroring,47.5789,19.2486,antonelli,ANT,Andrea Kimi Antonelli,Italian,12,mercedes,Mercedes,10,10,1.0,15,69,Lapped,,1:20.745,13.0,5,False,False,False,True,64.0,7.0,0,60.0,1.0,22.328,22.328,15.0,
2025,14,Hungarian Grand Prix,2025-08-03,Hungary,Budapest,Hungaroring,47.5789,19.2486,hadjar,HAD,Isack Hadjar,French,6,rb,RB F1 Team,11,11,0.0,10,69,Lapped,,1:20.802,15.0,-1,False,False,False,True,22.0,13.0,0,21.0,1.0,21.096,21.096,10.0,1:15.915
2025,14,Hungarian Grand Prix,2025-08-03,Hungary,Budapest,Hungaroring,47.5789,19.2486,hamilton,HAM,Lewis Hamilton,British,44,ferrari,Ferrari,12,12,0.0,12,69,Lapped,,1:20.022,7.0,0,False,False,False,True,109.0,6.0,0,95.0,1.0,21.15,21.15,12.0,
2025,14,Hungarian Grand Prix,2025-08-03,Hungary,Budapest,Hungaroring,47.5789,19.2486,hulkenberg,HUL,Nico Hülkenberg,German,27,sauber,Sauber,13,13,0.0,18,69,Lapped,,1:20.013,6.0,5,False,False,False,True,37.0,9.0,0,37.0,2.0,25.1855,21.594,19.0,
2025,14,Hungarian Grand Prix,2025-08-03,Hungary,Budapest,Hungaroring,47.5789,19.2486,sainz,SAI,Carlos Sainz,Spanish,55,williams,Williams,14,14,0.0,13,69,Lapped,,1:19.790,4.0,-1,False,False,False,True,16.0,16.0,0,13.0,2.0,21.5465,21.423,13.0,
2025,14,Hungarian Grand Prix,2025-08-03,Hungary,Budapest,Hungaroring,47.5789,19.2486,albon,ALB,Alexander Albon,Thai,23,williams,Williams,15,15,0.0,19,69,Lapped,,1:20.779,14.0,4,False,False,False,True,54.0,8.0,0,54.0,2.0,22.0355,21.345,20.0,
2025,14,Hungarian Grand Prix,2025-08-03,Hungary,Budapest,Hungaroring,47.5789,19.2486,ocon,OCO,Esteban Ocon,French,31,haas,Haas F1 Team,16,16,0.0,17,69,Lapped,,1:21.916,19.0,1,False,False,False,True,27.0,10.0,0,23.0,1.0,22.444,22.444,18.0,
2025,14,Hungarian Grand Prix,2025-08-03,Hungary,Budapest,Hungaroring,47.5789,19.2486,tsunoda,TSU,Yuki Tsunoda,Japanese,22,red_bull,Red Bull,17,17,0.0,20,69,Lapped,,1:21.180,17.0,3,False,False,False,True,10.0,18.0,0,4.0,2.0,21.418,21.295,16.0,
2025,14,Hungarian Grand Prix,2025-08-03,Hungary,Budapest,Hungaroring,47.5789,19.2486,colapinto,COL,Franco Colapinto,Argentine,43,alpine,Alpine F1 Team,18,18,0.0,14,69,Lapped,,1:20.827,16.0,-4,False,False,False,True,0.0,20.0,0,0.0,2.0,28.264000000000003,26.28,14.0,
2025,14,Hungarian Grand Prix,2025-08-03,Hungary,Budapest,Hungaroring,47.5789,19.2486,gasly,GAS,Pierre Gasly,French,10,alpine,Alpine F1 Team,19,19,0.0,16,69,Lapped,,1:21.433,18.0,-3,False,False,False,True,20.0,14.0,0,19.0,1.0,21.699,21.699,17.0,
2025,14,Hungarian Grand Prix,2025-08-03,Hungary,Budapest,Hungaroring,47.5789,19.2486,bearman,BEA,Oliver Bearman,British,87,haas,Haas F1 Team,20,R,0.0,11,48,Retired,,1:21.989,20.0,-9,False,False,False,True,8.0,19.0,0,6.0,1.0,21.754,21.754,11.0,
2025,15,Dutch Grand Prix,2025-08-31,Netherlands,Zandvoort,Circuit Park Zandvoort,52.3888,4.54092,piastri,PIA,Oscar Piastri,Australian,81,mclaren,McLaren,1,1,25.0,1,72,Finished,,1:12.271,1.0,0,True,True,True,False,309.0,1.0,7,288.0,2.0,17.982,17.375,1.0,1:08.662
2025,15,Dutch Grand Prix,2025-08-31,Netherlands,Zandvoort,Circuit Park Zandvoort,52.3888,4.54092,max_verstappen,VER,Max Verstappen,Dutch,1,red_bull,Red Bull,2,2,18.0,3,72,Finished,,1:12.921,3.0,1,False,True,True,False,205.0,3.0,2,191.0,2.0,18.5005,18.261,3.0,1:08.925
2025,15,Dutch Grand Prix,2025-08-31,Netherlands,Zandvoort,Circuit Park Zandvoort,52.3888,4.54092,hadjar,HAD,Isack Hadjar,French,6,rb,RB F1 Team,3,3,15.0,4,72,Finished,,1:13.327,5.0,1,False,True,True,False,37.0,10.0,0,36.0,2.0,17.9745,17.414,4.0,1:09.208
2025,15,Dutch Grand Prix,2025-08-31,Netherlands,Zandvoort,Circuit Park Zandvoort,52.3888,4.54092,russell,RUS,George Russell,British,63,mercedes,Mercedes,4,4,12.0,5,72,Finished,,1:13.728,9.0,1,False,False,True,False,184.0,4.0,1,174.0,2.0,18.088,17.344,5.0,1:09.255
2025,15,Dutch Grand Prix,2025-08-31,Netherlands,Zandvoort,Circuit Park Zandvoort,52.3888,4.54092,albon,ALB,Alexander Albon,Thai,23,williams,Williams,5,5,10.0,15,72,Finished,,1:13.687,7.0,10,False,False,True,False,64.0,8.0,0,64.0,2.0,18.766,17.84,15.0,
2025,15,Dutch Grand Prix,2025-08-31,Netherlands,Zandvoort,Circuit Park Zandvoort,52.3888,4.54092,bearman,BEA,Oliver Bearman,British,87,haas,Haas F1 Team,6,6,8.0,20,72,Finished,,1:13.950,13.0,14,False,False,True,False,16.0,16.0,0,14.0,1.0,18.622,18.622,19.0,
2025,15,Dutch Grand Prix,2025-08-31,Netherlands,Zandvoort,Circuit Park Zandvoort,52.3888,4.54092,stroll,STR,Lance Stroll,Canadian,18,aston_martin,Aston Martin,7,7,6.0,19,72,Finished,,1:13.822,11.0,12,False,False,True,False,32.0,11.0,0,28.0,2.0,17.5795,17.561,20.0,
2025,15,Dutch Grand Prix,2025-08-31,Netherlands,Zandvoort,Circuit Park Zandvoort,52.3888,4.54092,alonso,ALO,Fernando Alonso,Spanish,14,aston_martin,Aston Martin,8,8,4.0,10,72,Finished,,1:13.719,8.0,2,False,False,True,False,30.0,12.0,0,30.0,2.0,17.683,17.417,10.0,1:09.630
2025,15,Dutch Grand Prix,2025-08-31,Netherlands,Zandvoort,Circuit Park Zandvoort,52.3888,4.54092,tsunoda,TSU,Yuki Tsunoda,Japanese,22,red_bull,Red Bull,9,9,2.0,12,72,Finished,,1:14.354,16.0,3,False,False,True,False,12.0,19.0,0,6.0,2.0,18.2475,18.147,12.0,
2025,15,Dutch Grand Prix,2025-08-31,Netherlands,Zandvoort,Circuit Park Zandvoort,52.3888,4.54092,ocon,OCO,Esteban Ocon,French,31,haas,Haas F1 Team,10,10,1.0,18,72,Finished,,1:13.986,14.0,8,False,False,True,False,28.0,13.0,0,24.0,1.0,18.27,18.27,18.0,
2025,15,Dutch Grand Prix,2025-08-31,Netherlands,Zandvoort,Circuit Park Zandvoort,52.3888,4.54092,colapinto,COL,Franco Colapinto,Argentine,43,alpine,Alpine F1 Team,11,11,0.0,16,72,Finished,,1:13.049,4.0,5,False,False,True,False,0.0,20.0,0,0.0,3.0,17.883,17.586,16.0,
2025,15,Dutch Grand Prix,2025-08-31,Netherlands,Zandvoort,Circuit Park Zandvoort,52.3888,4.54092,lawson,LAW,Liam Lawson,New Zealander,30,rb,RB F1 Team,12,12,0.0,8,72,Finished,,1:13.879,12.0,-4,False,False,True,False,20.0,15.0,0,20.0,3.0,19.436666666666664,17.549,8.0,1:09.500
2025,15,Dutch Grand Prix,2025-08-31,Netherlands,Zandvoort,Circuit Park Zandvoort,52.3888,4.54092,sainz,SAI,Carlos Sainz,Spanish,55,williams,Williams,13,13,0.0,9,72,Finished,,1:13.808,10.0,-4,False,False,True,False,16.0,17.0,0,13.0,4.0,23.874000000000002,17.67,9.0,1:09.505
2025,15,Dutch Grand Prix,2025-08-31,Netherlands,Zandvoort,Circuit Park Zandvoort,52.3888,4.54092,hulkenberg,HUL,Nico Hülkenberg,German,27,sauber,Sauber,14,14,0.0,17,72,Finished,,1:14.912,18.0,3,False,False,True,False,37.0,9.0,0,37.0,2.0,17.773,17.602,17.0,
2025,15,Dutch Grand Prix,2025-08-31,Netherlands,Zandvoort,Circuit Park Zandvoort,52.3888,4.54092,bortoleto,BOR,Gabriel Bortoleto,Brazilian,5,sauber,Sauber,15,15,0.0,13,72,Finished,,1:14.307,15.0,-2,False,False,True,False,14.0,18.0,0,14.0,2.0,17.6995,17.491,13.0,
2025,15,Dutch Grand Prix,2025-08-31,Netherlands,Zandvoort,Circuit Park Zandvoort,52.3888,4.54092,antonelli,ANT,Andrea Kimi Antonelli,Italian,12,mercedes,Mercedes,16,16,0.0,11,72,Finished,,1:13.480,6.0,-5,False,False,True,False,64.0,7.0,0,60.0,3.0,18.733666666666664,17.365,11.0,
2025,15,Dutch Grand Prix,2025-08-31,Netherlands,Zandvoort,Circuit Park Zandvoort,52.3888,4.54092,gasly,GAS,Pierre Gasly,French,10,alpine,Alpine F1 Team,17,17,0.0,14,72,Finished,,1:15.248,19.0,-3,False,False,True,False,20.0,14.0,0,19.0,1.0,19.223,19.223,14.0,
2025,15,Dutch Grand Prix,2025-08-31,Netherlands,Zandvoort,Circuit Park Zandvoort,52.3888,4.54092,norris,NOR,Lando Norris,British,4,mclaren,McLaren,18,18,0.0,2,64,Retired,,1:12.379,2.0,-16,False,False,False,True,275.0,2.0,5,260.0,2.0,21.325000000000003,20.042,2.0,1:08.674
2025,15,Dutch Grand Prix,2025-08-31,Netherlands,Zandvoort,Circuit Park Zandvoort,52.3888,4.54092,leclerc,LEC,Charles Leclerc,Monegasque,16,ferrari,Ferrari,19,R,0.0,6,52,Retired,,1:14.557,17.0,-13,False,False,False,True,151.0,5.0,0,142.0,2.0,17.061500000000002,17.042,6.0,1:09.340
2025,15,Dutch Grand Prix,2025-08-31,Netherlands,Zandvoort,Circuit Park Zandvoort,52.3888,4.54092,hamilton,HAM,Lewis Hamilton,British,44,ferrari,Ferrari,20,R,0.0,7,22,Retired,,1:15.684,20.0,-13,False,False,False,True,109.0,6.0,0,95.0,,,,7.0,1:09.390
2025,16,Italian Grand Prix,2025-09-07,Italy,Monza,Autodromo Nazionale di Monza,45.6156,9.28111,max_verstappen,VER,Max Verstappen,Dutch,1,red_bull,Red Bull,1,1,25.0,1,53,Finished,,1:21.003,2.0,0,True,True,True,False,230.0,3.0,3,216.0,1.0,24.545,24.545,1.0,1:18.792
2025,16,Italian Grand Prix,2025-09-07,Italy,Monza,Autodromo Nazionale di Monza,45.6156,9.28111,norris,NOR,Lando Norris,British,4,mclaren,McLaren,2,2,18.0,2,53,Finished,,1:20.901,1.0,0,False,True,True,False,293.0,2.0,5,278.0,1.0,27.498,27.498,2.0,1:18.869
2025,16,Italian Grand Prix,2025-09-07,Italy,Monza,Autodromo Nazionale di Monza,45.6156,9.28111,piastri,PIA,Oscar Piastri,Australian,81,mclaren,McLaren,3,3,15.0,3,53,Finished,,1:21.245,3.0,0,False,True,True,False,324.0,1.0,7,303.0,1.0,23.602,23.602,3.0,1:18.982
2025,16,Italian Grand Prix,2025-09-07,Italy,Monza,Autodromo Nazionale di Monza,45.6156,9.28111,leclerc,LEC,Charles Leclerc,Monegasque,16,ferrari,Ferrari,4,4,12.0,4,53,Finished,,1:21.294,4.0,0,False,False,True,False,163.0,5.0,0,154.0,1.0,24.235,24.235,4.0,1:19.007
2025,16,Italian Grand Prix,2025-09-07,Italy,Monza,Autodromo Nazionale di Monza,45.6156,9.28111,russell,RUS,George Russell,British,63,mercedes,Mercedes,5,5,10.0,5,53,Finished,,1:21.800,8.0,0,False,False,True,False,194.0,4.0,1,184.0,1.0,25.021,25.021,6.0,1:19.157
2025,16,Italian Grand Prix,2025-09-07,Italy,Monza,Autodromo Nazionale di Monza,45.6156,9.28111,hamilton,HAM,Lewis Hamilton,British,44,ferrari,Ferrari,6,6,8.0,10,53,Finished,,1:21.546,6.0,4,False,False,True,False,117.0,6.0,0,103.0,1.0,23.971,23.971,5.0,1:19.124
2025,16,Italian Grand Prix,2025-09-07,Italy,Monza,Autodromo Nazionale di Monza,45.6156,9.28111,albon,ALB,Alexander Albon,Thai,23,williams,Williams,7,7,6.0,14,53,Finished,,1:21.368,5.0,7,False,False,True,False,70.0,7.0,0,70.0,1.0,24.717,24.717,14.0,
2025,16,Italian Grand Prix,2025-09-07,Italy,Monza,Autodromo Nazionale di Monza,45.6156,9.28111,bortoleto,BOR,Gabriel Bortoleto,Brazilian,5,sauber,Sauber,8,8,4.0,7,53,Finished,,1:22.139,12.0,-1,False,False,True,False,18.0,16.0,0,18.0,1.0,26.143,26.143,8.0,1:19.390
2025,16,Italian Grand Prix,2025-09-07,Italy,Monza,Autodromo Nazionale di Monza,45.6156,9.28111,antonelli,ANT,Andrea Kimi Antonelli,Italian,12,mercedes,Mercedes,9,9,2.0,6,53,Finished,,1:21.968,10.0,-3,False,False,True,False,66.0,8.0,0,62.0,1.0,24.916,24.916,7.0,1:19.200
2025,16,Italian Grand Prix,2025-09-07,Italy,Monza,Autodromo Nazionale di Monza,45.6156,9.28111,hadjar,HAD,Isack Hadjar,French,6,rb,RB F1 Team,10,10,1.0,19,53,Finished,,1:22.133,11.0,9,False,False,True,False,38.0,9.0,0,37.0,1.0,24.326,24.326,16.0,
2025,16,Italian Grand Prix,2025-09-07,Italy,Monza,Autodromo Nazionale di Monza,45.6156,9.28111,sainz,SAI,Carlos Sainz,Spanish,55,williams,Williams,11,11,0.0,13,53,Finished,,1:21.740,7.0,2,False,False,True,False,16.0,18.0,0,13.0,1.0,24.605,24.605,13.0,
2025,16,Italian Grand Prix,2025-09-07,Italy,Monza,Autodromo Nazionale di Monza,45.6156,9.28111,bearman,BEA,Oliver Bearman,British,87,haas,Haas F1 Team,12,12,0.0,11,53,Finished,,1:21.820,9.0,-1,False,False,True,False,16.0,17.0,0,14.0,1.0,25.372,25.372,11.0,
2025,16,Italian Grand Prix,2025-09-07,Italy,Monza,Autodromo Nazionale di Monza,45.6156,9.28111,tsunoda,TSU,Yuki Tsunoda,Japanese,22,red_bull,Red Bull,13,13,0.0,9,53,Finished,,1:22.712,16.0,-4,False,False,True,False,12.0,19.0,0,6.0,1.0,24.372,24.372,10.0,1:19.519
2025,16,Italian Grand Prix,2025-09-07,Italy,Monza,Autodromo Nazionale di Monza,45.6156,9.28111,lawson,LAW,Liam Lawson,New Zealander,30,rb,RB F1 Team,14,14,0.0,18,53,Finished,,1:22.777,17.0,4,False,False,True,False,20.0,15.0,0,20.0,1.0,24.156,24.156,20.0,
2025,16,Italian Grand Prix,2025-09-07,Italy,Monza,Autodromo Nazionale di Monza,45.6156,9.28111,ocon,OCO,Esteban Ocon,French,31,haas,Haas F1 Team,15,15,0.0,15,52,Lapped,,1:22.892,18.0,0,False,False,False,True,28.0,13.0,0,24.0,1.0,30.754,30.754,15.0,
2025,16,Italian Grand Prix,2025-09-07,Italy,Monza,Autodromo Nazionale di Monza,45.6156,9.28111,gasly,GAS,Pierre Gasly,French,10,alpine,Alpine F1 Team,16,16,0.0,20,52,Lapped,,1:22.185,14.0,4,False,False,False,True,20.0,14.0,0,19.0,1.0,25.012,25.012,19.0,
2025,16,Italian Grand Prix,2025-09-07,Italy,Monza,Autodromo Nazionale di Monza,45.6156,9.28111,colapinto,COL,Franco Colapinto,Argentine,43,alpine,Alpine F1 Team,17,17,0.0,17,52,Lapped,,1:22.239,15.0,0,False,False,False,True,0.0,20.0,0,0.0,1.0,24.971,24.971,18.0,
2025,16,Italian Grand Prix,2025-09-07,Italy,Monza,Autodromo Nazionale di Monza,45.6156,9.28111,stroll,STR,Lance Stroll,Canadian,18,aston_martin,Aston Martin,18,18,0.0,16,52,Lapped,,1:22.164,13.0,-2,False,False,False,True,32.0,11.0,0,28.0,1.0,38.418,38.418,17.0,
2025,16,Italian Grand Prix,2025-09-07,Italy,Monza,Autodromo Nazionale di Monza,45.6156,9.28111,alonso,ALO,Fernando Alonso,Spanish,14,aston_martin,Aston Martin,19,R,0.0,8,24,Retired,,1:23.757,19.0,-11,False,False,False,True,30.0,12.0,0,30.0,1.0,25.16,25.16,9.0,1:19.424
2025,16,Italian Grand Prix,2025-09-07,Italy,Monza,Autodromo Nazionale di Monza,45.6156,9.28111,hulkenberg,HUL,Nico Hülkenberg,German,27,sauber,Sauber,20,W,0.0,12,0,Did not start,,,,-8,False,False,False,True,37.0,10.0,0,37.0,,,,12.0,
2025,17,Azerbaijan Grand Prix,2025-09-21,Azerbaijan,Baku,Baku City Circuit,40.3725,49.8533,max_verstappen,VER,Max Verstappen,Dutch,1,red_bull,Red Bull,1,1,25.0,1,51,Finished,,1:43.388,1.0,0,True,True,True,False,255.0,3.0,4,241.0,1.0,20.221,20.221,1.0,1:41.117
2025,17,Azerbaijan Grand Prix,2025-09-21,Azerbaijan,Baku,Baku City Circuit,40.3725,49.8533,russell,RUS,George Russell,British,63,mercedes,Mercedes,2,2,18.0,5,51,Finished,,1:43.754,2.0,3,False,True,True,False,212.0,4.0,1,202.0,1.0,19.809,19.809,5.0,1:42.070
2025,17,Azerbaijan Grand Prix,2025-09-21,Azerbaijan,Baku,Baku City Circuit,40.3725,49.8533,sainz,SAI,Carlos Sainz,Spanish,55,williams,Williams,3,3,15.0,2,51,Finished,,1:43.972,4.0,-1,False,True,True,False,31.0,12.0,0,28.0,1.0,20.508,20.508,2.0,1:41.595
2025,17,Azerbaijan Grand Prix,2025-09-21,Azerbaijan,Baku,Baku City Circuit,40.3725,49.8533,antonelli,ANT,Andrea Kimi Antonelli,Italian,12,mercedes,Mercedes,4,4,12.0,4,51,Finished,,1:44.091,6.0,0,False,False,True,False,78.0,7.0,0,74.0,1.0,20.669,20.669,4.0,1:41.717
2025,17,Azerbaijan Grand Prix,2025-09-21,Azerbaijan,Baku,Baku City Circuit,40.3725,49.8533,lawson,LAW,Liam Lawson,New Zealander,30,rb,RB F1 Team,5,5,10.0,3,51,Finished,,1:44.531,13.0,-2,False,False,True,False,30.0,13.0,0,30.0,1.0,20.283,20.283,3.0,1:41.707
2025,17,Azerbaijan Grand Prix,2025-09-21,Azerbaijan,Baku,Baku City Circuit,40.3725,49.8533,tsunoda,TSU,Yuki Tsunoda,Japanese,22,red_bull,Red Bull,6,6,8.0,6,51,Finished,,1:44.434,12.0,0,False,False,True,False,20.0,17.0,0,14.0,1.0,20.323,20.323,6.0,1:42.143
2025,17,Azerbaijan Grand Prix,2025-09-21,Azerbaijan,Baku,Baku City Circuit,40.3725,49.8533,norris,NOR,Lando Norris,British,4,mclaren,McLaren,7,7,6.0,7,51,Finished,,1:44.155,8.0,0,False,False,True,False,299.0,2.0,5,284.0,1.0,21.975,21.975,7.0,1:42.239
2025,17,Azerbaijan Grand Prix,2025-09-21,Azerbaijan,Baku,Baku City Circuit,40.3725,49.8533,hamilton,HAM,Lewis Hamilton,British,44,ferrari,Ferrari,8,8,4.0,12,51,Finished,,1:43.977,5.0,4,False,False,True,False,121.0,6.0,0,107.0,1.0,20.062,20.062,12.0,
2025,17,Azerbaijan Grand Prix,2025-09-21,Azerbaijan,Baku,Baku City Circuit,40.3725,49.8533,leclerc,LEC,Charles Leclerc,Monegasque,16,ferrari,Ferrari,9,9,2.0,10,51,Finished,,1:44.274,9.0,1,False,False,True,False,165.0,5.0,0,156.0,1.0,20.542,20.542,10.0,
2025,17,Azerbaijan Grand Prix,2025-09-21,Azerbaijan,Baku,Baku City Circuit,40.3725,49.8533,hadjar,HAD,Isack Hadjar,French,6,rb,RB F1 Team,10,10,1.0,8,51,Finished,,1:43.884,3.0,-2,False,False,True,False,39.0,9.0,0,38.0,1.0,20.294,20.294,8.0,1:42.372
2025,17,Azerbaijan Grand Prix,2025-09-21,Azerbaijan,Baku,Baku City Circuit,40.3725,49.8533,bortoleto,BOR,Gabriel Bortoleto,Brazilian,5,sauber,Sauber,11,11,0.0,13,51,Finished,,1:44.930,14.0,2,False,False,True,False,18.0,18.0,0,18.0,1.0,20.845,20.845,13.0,
2025,17,Azerbaijan Grand Prix,2025-09-21,Azerbaijan,Baku,Baku City Circuit,40.3725,49.8533,bearman,BEA,Oliver Bearman,British,87,haas,Haas F1 Team,12,12,0.0,15,51,Finished,,1:44.288,10.0,3,False,False,True,False,16.0,19.0,0,14.0,1.0,21.194,21.194,15.0,
2025,17,Azerbaijan Grand Prix,2025-09-21,Azerbaijan,Baku,Baku City Circuit,40.3725,49.8533,albon,ALB,Alexander Albon,Thai,23,williams,Williams,13,13,0.0,19,51,Finished,,1:44.152,7.0,6,False,False,True,False,70.0,8.0,0,70.0,2.0,20.6235,20.489,19.0,
2025,17,Azerbaijan Grand Prix,2025-09-21,Azerbaijan,Baku,Baku City Circuit,40.3725,49.8533,ocon,OCO,Esteban Ocon,French,31,haas,Haas F1 Team,14,14,0.0,20,51,Finished,,1:45.388,17.0,6,False,False,True,False,28.0,15.0,0,24.0,2.0,20.725,20.691,20.0,
2025,17,Azerbaijan Grand Prix,2025-09-21,Azerbaijan,Baku,Baku City Circuit,40.3725,49.8533,alonso,ALO,Fernando Alonso,Spanish,14,aston_martin,Aston Martin,15,15,0.0,11,51,Finished,,1:45.002,15.0,-4,False,False,True,False,30.0,14.0,0,30.0,1.0,25.768,25.768,11.0,
2025,17,Azerbaijan Grand Prix,2025-09-21,Azerbaijan,Baku,Baku City Circuit,40.3725,49.8533,hulkenberg,HUL,Nico Hülkenberg,German,27,sauber,Sauber,16,16,0.0,17,51,Finished,,1:44.370,11.0,1,False,False,True,False,37.0,10.0,0,37.0,1.0,19.97,19.97,17.0,
2025,17,Azerbaijan Grand Prix,2025-09-21,Azerbaijan,Baku,Baku City Circuit,40.3725,49.8533,stroll,STR,Lance Stroll,Canadian,18,aston_martin,Aston Martin,17,17,0.0,14,51,Finished,,1:45.083,16.0,-3,False,False,True,False,32.0,11.0,0,28.0,1.0,21.82,21.82,14.0,
2025,17,Azerbaijan Grand Prix,2025-09-21,Azerbaijan,Baku,Baku City Circuit,40.3725,49.8533,gasly,GAS,Pierre Gasly,French,10,alpine,Alpine F1 Team,18,18,0.0,18,50,Lapped,,1:45.492,18.0,0,False,False,False,True,20.0,16.0,0,19.0,1.0,21.5,21.5,18.0,
2025,17,Azerbaijan Grand Prix,2025-09-21,Azerbaijan,Baku,Baku City Circuit,40.3725,49.8533,colapinto,COL,Franco Colapinto,Argentine,43,alpine,Alpine F1 Team,19,19,0.0,16,50,Lapped,,1:46.055,19.0,-3,False,False,False,True,0.0,20.0,0,0.0,1.0,21.088,21.088,16.0,
2025,17,Azerbaijan Grand Prix,2025-09-21,Azerbaijan,Baku,Baku City Circuit,40.3725,49.8533,piastri,PIA,Oscar Piastri,Australian,81,mclaren,McLaren,20,R,0.0,9,0,Retired,,,,-11,False,False,False,True,324.0,1.0,7,303.0,,,,9.0,
2025,18,Singapore Grand Prix,2025-10-05,Singapore,Marina Bay,Marina Bay Street Circuit,1.2914,103.864,russell,RUS,George Russell,British,63,mercedes,Mercedes,1,1,25.0,1,62,Finished,,1:35.676,11.0,0,True,True,True,False,237.0,4.0,2,227.0,1.0,23.966,23.966,1.0,1:29.158
2025,18,Singapore Grand Prix,2025-10-05,Singapore,Marina Bay,Marina Bay Street Circuit,1.2914,103.864,max_verstappen,VER,Max Verstappen,Dutch,1,red_bull,Red Bull,2,2,18.0,2,62,Finished,,1:35.649,10.0,0,False,True,True,False,273.0,3.0,4,259.0,1.0,24.008,24.008,2.0,1:29.340
2025,18,Singapore Grand Prix,2025-10-05,Singapore,Marina Bay,Marina Bay Street Circuit,1.2914,103.864,norris,NOR,Lando Norris,British,4,mclaren,McLaren,3,3,15.0,5,62,Finished,,1:35.555,7.0,2,False,True,True,False,314.0,2.0,5,299.0,1.0,23.314,23.314,5.0,1:29.586
2025,18,Singapore Grand Prix,2025-10-05,Singapore,Marina Bay,Marina Bay Street Circuit,1.2914,103.864,piastri,PIA,Oscar Piastri,Australian,81,mclaren,McLaren,4,4,12.0,3,62,Finished,,1:35.408,6.0,-1,False,False,True,False,336.0,1.0,7,315.0,1.0,26.637,26.637,3.0,1:29.524
2025,18,Singapore Grand Prix,2025-10-05,Singapore,Marina Bay,Marina Bay Street Circuit,1.2914,103.864,antonelli,ANT,Andrea Kimi Antonelli,Italian,12,mercedes,Mercedes,5,5,10.0,4,62,Finished,,1:35.303,4.0,-1,False,False,True,False,88.0,7.0,0,84.0,1.0,23.806,23.806,4.0,1:29.537
2025,18,Singapore Grand Prix,2025-10-05,Singapore,Marina Bay,Marina Bay Street Circuit,1.2914,103.864,leclerc,LEC,Charles Leclerc,Monegasque,16,ferrari,Ferrari,6,6,8.0,7,62,Finished,,1:35.983,14.0,1,False,False,True,False,173.0,5.0,0,164.0,1.0,23.63,23.63,7.0,1:29.784
2025,18,Singapore Grand Prix,2025-10-05,Singapore,Marina Bay,Marina Bay Street Circuit,1.2914,103.864,alonso,ALO,Fernando Alonso,Spanish,14,aston_martin,Aston Martin,7,7,6.0,10,62,Finished,,1:35.862,13.0,3,False,False,True,False,36.0,11.0,0,36.0,1.0,30.749,30.749,10.0,1:29.955
2025,18,Singapore Grand Prix,2025-10-05,Singapore,Marina Bay,Marina Bay Street Circuit,1.2914,103.864,hamilton,HAM,Lewis Hamilton,British,44,ferrari,Ferrari,8,8,4.0,6,62,Finished,,1:33.808,1.0,-2,False,False,True,False,125.0,6.0,0,111.0,2.0,24.069000000000003,23.344,6.0,1:29.688
2025,18,Singapore Grand Prix,2025-10-05,Singapore,Marina Bay,Marina Bay Street Circuit,1.2914,103.864,bearman,BEA,Oliver Bearman,British,87,haas,Haas F1 Team,9,9,2.0,9,62,Finished,,1:36.201,15.0,0,False,False,True,False,18.0,19.0,0,16.0,1.0,23.979,23.979,9.0,1:29.868
2025,18,Singapore Grand Prix,2025-10-05,Singapore,Marina Bay,Marina Bay Street Circuit,1.2914,103.864,sainz,SAI,Carlos Sainz,Spanish,55,williams,Williams,10,10,1.0,18,61,Lapped,,1:34.963,3.0,8,False,False,False,True,32.0,12.0,0,29.0,1.0,24.075,24.075,20.0,
2025,18,Singapore Grand Prix,2025-10-05,Singapore,Marina Bay,Marina Bay Street Circuit,1.2914,103.864,hadjar,HAD,Isack Hadjar,French,6,rb,RB F1 Team,11,11,0.0,8,61,Lapped,,1:36.938,18.0,-3,False,False,False,True,39.0,9.0,0,38.0,1.0,23.827,23.827,8.0,1:29.846
2025,18,Singapore Grand Prix,2025-10-05,Singapore,Marina Bay,Marina Bay Street Circuit,1.2914,103.864,tsunoda,TSU,Yuki Tsunoda,Japanese,22,red_bull,Red Bull,12,12,0.0,13,61,Lapped,,1:36.831,17.0,1,False,False,False,True,20.0,17.0,0,14.0,1.0,24.61,24.61,13.0,
2025,18,Singapore Grand Prix,2025-10-05,Singapore,Marina Bay,Marina Bay Street Circuit,1.2914,103.864,stroll,STR,Lance Stroll,Canadian,18,aston_martin,Aston Martin,13,13,0.0,15,61,Lapped,,1:35.851,12.0,2,False,False,False,True,32.0,13.0,0,28.0,1.0,24.012,24.012,15.0,
2025,18,Singapore Grand Prix,2025-10-05,Singapore,Marina Bay,Marina Bay Street Circuit,1.2914,103.864,albon,ALB,Alexander Albon,Thai,23,williams,Williams,14,14,0.0,20,61,Lapped,,1:35.648,9.0,6,False,False,False,True,70.0,8.0,0,70.0,1.0,25.732,25.732,19.0,
2025,18,Singapore Grand Prix,2025-10-05,Singapore,Marina Bay,Marina Bay Street Circuit,1.2914,103.864,lawson,LAW,Liam Lawson,New Zealander,30,rb,RB F1 Team,15,15,0.0,12,61,Lapped,,1:35.641,8.0,-3,False,False,False,True,30.0,14.0,0,30.0,1.0,24.027,24.027,12.0,
2025,18,Singapore Grand Prix,2025-10-05,Singapore,Marina Bay,Marina Bay Street Circuit,1.2914,103.864,colapinto,COL,Franco Colapinto,Argentine,43,alpine,Alpine F1 Team,16,16,0.0,16,61,Lapped,,1:37.182,20.0,0,False,False,False,True,0.0,20.0,0,0.0,1.0,24.04,24.04,16.0,
2025,18,Singapore Grand Prix,2025-10-05,Singapore,Marina Bay,Marina Bay Street Circuit,1.2914,103.864,bortoleto,BOR,Gabriel Bortoleto,Brazilian,5,sauber,Sauber,17,17,0.0,14,61,Lapped,,1:37.126,19.0,-3,False,False,False,True,18.0,18.0,0,18.0,1.0,32.856,32.856,14.0,
2025,18,Singapore Grand Prix,2025-10-05,Singapore,Marina Bay,Marina Bay Street Circuit,1.2914,103.864,ocon,OCO,Esteban Ocon,French,31,haas,Haas F1 Team,18,18,0.0,17,61,Lapped,,1:36.646,16.0,-1,False,False,False,True,28.0,15.0,0,24.0,1.0,25.078,25.078,17.0,
2025,18,Singapore Grand Prix,2025-10-05,Singapore,Marina Bay,Marina Bay Street Circuit,1.2914,103.864,gasly,GAS,Pierre Gasly,French,10,alpine,Alpine F1 Team,19,19,0.0,19,61,Lapped,,1:34.573,2.0,0,False,False,False,True,20.0,16.0,0,19.0,2.0,25.3855,25.188,18.0,
2025,18,Singapore Grand Prix,2025-10-05,Singapore,Marina Bay,Marina Bay Street Circuit,1.2914,103.864,hulkenberg,HUL,Nico Hülkenberg,German,27,sauber,Sauber,20,20,0.0,11,61,Lapped,,1:35.404,5.0,-9,False,False,False,True,37.0,10.0,0,37.0,2.0,28.0435,24.193,11.0,
2025,19,United States Grand Prix,2025-10-19,USA,Austin,Circuit of the Americas,30.1328,-97.6411,max_verstappen,VER,Max Verstappen,Dutch,1,red_bull,Red Bull,1,1,25.0,1,56,Finished,,1:37.991,3.0,0,True,True,True,False,306.0,3.0,5,284.0,1.0,23.987,23.987,1.0,1:32.510
2025,19,United States Grand Prix,2025-10-19,USA,Austin,Circuit of the Americas,30.1328,-97.6411,norris,NOR,Lando Norris,British,4,mclaren,McLaren,2,2,18.0,2,56,Finished,,1:37.620,2.0,0,False,True,True,False,332.0,2.0,5,317.0,1.0,24.58,24.58,2.0,1:32.801
2025,19,United States Grand Prix,2025-10-19,USA,Austin,Circuit of the Americas,30.1328,-97.6411,leclerc,LEC,Charles Leclerc,Monegasque,16,ferrari,Ferrari,3,3,15.0,3,56,Finished,,1:38.231,5.0,0,False,True,True,False,192.0,5.0,0,179.0,1.0,23.718,23.718,3.0,1:32.807
2025,19,United States Grand Prix,2025-10-19,USA,Austin,Circuit of the Americas,30.1328,-97.6411,hamilton,HAM,Lewis Hamilton,British,44,ferrari,Ferrari,4,4,12.0,5,56,Finished,,1:38.361,8.0,1,False,False,True,False,142.0,6.0,0,123.0,1.0,23.937,23.937,5.0,1:32.912
2025,19,United States Grand Prix,2025-10-19,USA,Austin,Circuit of the Americas,30.1328,-97.6411,piastri,PIA,Oscar Piastri,Australian,81,mclaren,McLaren,5,5,10.0,6,56,Finished,,1:38.564,10.0,1,False,False,True,False,346.0,1.0,7,325.0,1.0,23.452,23.452,6.0,1:33.084
2025,19,United States Grand Prix,2025-10-19,USA,Austin,Circuit of the Americas,30.1328,-97.6411,russell,RUS,George Russell,British,63,mercedes,Mercedes,6,6,8.0,4,56,Finished,,1:38.224,4.0,-2,False,False,True,False,252.0,4.0,2,235.0,1.0,23.555,23.555,4.0,1:32.826
2025,19,United States Grand Prix,2025-10-19,USA,Austin,Circuit of the Americas,30.1328,-97.6411,tsunoda,TSU,Yuki Tsunoda,Japanese,22,red_bull,Red Bull,7,7,6.0,13,56,Finished,,1:38.803,13.0,6,False,False,True,False,28.0,16.0,0,20.0,1.0,24.539,24.539,13.0,
2025,19,United States Grand Prix,2025-10-19,USA,Austin,Circuit of the Americas,30.1328,-97.6411,hulkenberg,HUL,Nico Hülkenberg,German,27,sauber,Sauber,8,8,4.0,11,56,Finished,,1:38.372,9.0,3,False,False,True,False,41.0,9.0,0,41.0,1.0,23.753,23.753,11.0,
2025,19,United States Grand Prix,2025-10-19,USA,Austin,Circuit of the Americas,30.1328,-97.6411,bearman,BEA,Oliver Bearman,British,87,haas,Haas F1 Team,9,9,2.0,8,56,Finished,,1:39.119,16.0,-1,False,False,True,False,20.0,18.0,0,18.0,1.0,24.11,24.11,8.0,1:33.139
2025,19,United States Grand Prix,2025-10-19,USA,Austin,Circuit of the Americas,30.1328,-97.6411,alonso,ALO,Fernando Alonso,Spanish,14,aston_martin,Aston Martin,10,10,1.0,10,56,Finished,,1:38.789,12.0,0,False,False,True,False,37.0,12.0,0,37.0,1.0,24.054,24.054,10.0,1:33.160
2025,19,United States Grand Prix,2025-10-19,USA,Austin,Circuit of the Americas,30.1328,-97.6411,lawson,LAW,Liam Lawson,New Zealander,30,rb,RB F1 Team,11,11,0.0,12,56,Finished,,1:38.983,14.0,1,False,False,True,False,30.0,14.0,0,30.0,1.0,23.681,23.681,12.0,
2025,19,United States Grand Prix,2025-10-19,USA,Austin,Circuit of the Americas,30.1328,-97.6411,stroll,STR,Lance Stroll,Canadian,18,aston_martin,Aston Martin,12,12,0.0,19,56,Finished,,1:39.071,15.0,7,False,False,True,False,32.0,13.0,0,28.0,1.0,24.192,24.192,18.0,
2025,19,United States Grand Prix,2025-10-19,USA,Austin,Circuit of the Americas,30.1328,-97.6411,antonelli,ANT,Andrea Kimi Antonelli,Italian,12,mercedes,Mercedes,13,13,0.0,7,56,Finished,,1:37.577,1.0,-6,False,False,True,False,89.0,7.0,0,84.0,1.0,23.949,23.949,7.0,1:33.114
2025,19,United States Grand Prix,2025-10-19,USA,Austin,Circuit of the Americas,30.1328,-97.6411,albon,ALB,Alexander Albon,Thai,23,williams,Williams,14,14,0.0,18,56,Finished,,1:38.328,7.0,4,False,False,True,False,73.0,8.0,0,70.0,2.0,24.1725,23.763,19.0,
2025,19,United States Grand Prix,2025-10-19,USA,Austin,Circuit of the Americas,30.1328,-97.6411,ocon,OCO,Esteban Ocon,French,31,haas,Haas F1 Team,15,15,0.0,17,56,Finished,,1:39.263,18.0,2,False,False,True,False,28.0,15.0,0,24.0,1.0,25.06,25.06,17.0,
2025,19,United States Grand Prix,2025-10-19,USA,Austin,Circuit of the Americas,30.1328,-97.6411,hadjar,HAD,Isack Hadjar,French,6,rb,RB F1 Team,16,16,0.0,20,56,Finished,,1:38.724,11.0,4,False,False,True,False,39.0,10.0,0,38.0,1.0,23.831,23.831,20.0,
2025,19,United States Grand Prix,2025-10-19,USA,Austin,Circuit of the Americas,30.1328,-97.6411,colapinto,COL,Franco Colapinto,Argentine,43,alpine,Alpine F1 Team,17,17,0.0,15,55,Lapped,,1:39.173,17.0,-2,False,False,False,True,0.0,20.0,0,0.0,1.0,24.045,24.045,15.0,
2025,19,United States Grand Prix,2025-10-19,USA,Austin,Circuit of the Americas,30.1328,-97.6411,bortoleto,BOR,Gabriel Bortoleto,Brazilian,5,sauber,Sauber,18,18,0.0,16,55,Lapped,,1:38.275,6.0,-2,False,False,False,True,18.0,19.0,0,18.0,2.0,24.787,24.007,16.0,
2025,19,United States Grand Prix,2025-10-19,USA,Austin,Circuit of the Americas,30.1328,-97.6411,gasly,GAS,Pierre Gasly,French,10,alpine,Alpine F1 Team,19,19,0.0,14,55,Lapped,,1:39.270,19.0,-5,False,False,False,True,20.0,17.0,0,19.0,1.0,26.631,26.631,14.0,
2025,19,United States Grand Prix,2025-10-19,USA,Austin,Circuit of the Americas,30.1328,-97.6411,sainz,SAI,Carlos Sainz,Spanish,55,williams,Williams,20,R,0.0,9,5,Retired,,1:40.327,20.0,-11,False,False,False,True,38.0,11.0,0,29.0,,,,9.0,1:33.150
2025,20,Mexico City Grand Prix,2025-10-26,Mexico,Mexico City,Autódromo Hermanos Rodríguez,19.4042,-99.0907,norris,NOR,Lando Norris,British,4,mclaren,McLaren,1,1,25.0,1,71,Finished,,1:20.764,8.0,0,True,True,True,False,357.0,1.0,6,342.0,1.0,22.567,22.567,1.0,1:15.586
2025,20,Mexico City Grand Prix,2025-10-26,Mexico,Mexico City,Autódromo Hermanos Rodríguez,19.4042,-99.0907,leclerc,LEC,Charles Leclerc,Monegasque,16,ferrari,Ferrari,2,2,18.0,2,71,Finished,,1:21.588,14.0,0,False,True,True,False,210.0,5.0,0,197.0,1.0,22.215,22.215,2.0,1:15.848
2025,20,Mexico City Grand Prix,2025-10-26,Mexico,Mexico City,Autódromo Hermanos Rodríguez,19.4042,-99.0907,max_verstappen,VER,Max Verstappen,Dutch,1,red_bull,Red Bull,3,3,15.0,5,71,Finished,,1:21.108,10.0,2,False,True,True,False,321.0,3.0,5,299.0,1.0,22.762,22.762,5.0,1:16.070
2025,20,Mexico City Grand Prix,2025-10-26,Mexico,Mexico City,Autódromo Hermanos Rodríguez,19.4042,-99.0907,bearman,BEA,Oliver Bearman,British,87,haas,Haas F1 Team,4,4,12.0,9,71,Finished,,1:20.705,7.0,5,False,False,True,False,32.0,13.0,0,30.0,2.0,22.4105,22.174,10.0,1:16.460
2025,20,Mexico City Grand Prix,2025-10-26,Mexico,Mexico City,Autódromo Hermanos Rodríguez,19.4042,-99.0907,piastri,PIA,Oscar Piastri,Australian,81,mclaren,McLaren,5,5,10.0,7,71,Finished,,1:20.422,3.0,2,False,False,True,False,356.0,2.0,7,335.0,2.0,22.685,22.159,8.0,1:16.174
2025,20,Mexico City Grand Prix,2025-10-26,Mexico,Mexico City,Autódromo Hermanos Rodríguez,19.4042,-99.0907,antonelli,ANT,Andrea Kimi Antonelli,Italian,12,mercedes,Mercedes,6,6,8.0,6,71,Finished,,1:20.826,9.0,0,False,False,True,False,97.0,7.0,0,92.0,2.0,23.499499999999998,22.476,6.0,1:16.118
2025,20,Mexico City Grand Prix,2025-10-26,Mexico,Mexico City,Autódromo Hermanos Rodríguez,19.4042,-99.0907,russell,RUS,George Russell,British,63,mercedes,Mercedes,7,7,6.0,4,71,Finished,,1:20.052,1.0,-3,False,False,True,False,258.0,4.0,2,241.0,2.0,22.4085,22.347,4.0,1:16.034
2025,20,Mexico City Grand Prix,2025-10-26,Mexico,Mexico City,Autódromo Hermanos Rodríguez,19.4042,-99.0907,hamilton,HAM,Lewis Hamilton,British,44,ferrari,Ferrari,8,8,4.0,3,71,Finished,,1:20.601,6.0,-5,False,False,True,False,146.0,6.0,0,127.0,2.0,28.325,23.342,3.0,1:15.938
2025,20,Mexico City Grand Prix,2025-10-26,Mexico,Mexico City,Autódromo Hermanos Rodríguez,19.4042,-99.0907,ocon,OCO,Esteban Ocon,French,31,haas,Haas F1 Team,9,9,2.0,11,71,Finished,,1:21.869,17.0,2,False,False,True,False,30.0,16.0,0,26.0,1.0,23.203,23.203,12.0,
2025,20,Mexico City Grand Prix,2025-10-26,Mexico,Mexico City,Autódromo Hermanos Rodríguez,19.4042,-99.0907,bortoleto,BOR,Gabriel Bortoleto,Brazilian,5,sauber,Sauber,10,10,1.0,16,71,Finished,,1:21.121,11.0,6,False,False,True,False,19.0,19.0,0,19.0,1.0,22.41,22.41,16.0,
2025,20,Mexico City Grand Prix,2025-10-26,Mexico,Mexico City,Autódromo Hermanos Rodríguez,19.4042,-99.0907,tsunoda,TSU,Yuki Tsunoda,Japanese,22,red_bull,Red Bull,11,11,0.0,10,71,Finished,,1:21.486,13.0,-1,False,False,True,False,28.0,17.0,0,20.0,1.0,31.63,31.63,11.0,
2025,20,Mexico City Grand Prix,2025-10-26,Mexico,Mexico City,Autódromo Hermanos Rodríguez,19.4042,-99.0907,albon,ALB,Alexander Albon,Thai,23,williams,Williams,12,12,0.0,17,70,Lapped,,1:20.480,4.0,5,False,False,False,True,73.0,8.0,0,70.0,1.0,22.04,22.04,17.0,
2025,20,Mexico City Grand Prix,2025-10-26,Mexico,Mexico City,Autódromo Hermanos Rodríguez,19.4042,-99.0907,hadjar,HAD,Isack Hadjar,French,6,rb,RB F1 Team,13,13,0.0,8,70,Lapped,,1:21.714,16.0,-5,False,False,False,True,39.0,10.0,0,38.0,1.0,22.196,22.196,9.0,1:16.252
2025,20,Mexico City Grand Prix,2025-10-26,Mexico,Mexico City,Autódromo Hermanos Rodríguez,19.4042,-99.0907,stroll,STR,Lance Stroll,Canadian,18,aston_martin,Aston Martin,14,14,0.0,19,70,Lapped,,1:20.593,5.0,5,False,False,False,True,32.0,14.0,0,28.0,2.0,22.892000000000003,22.071,19.0,
2025,20,Mexico City Grand Prix,2025-10-26,Mexico,Mexico City,Autódromo Hermanos Rodríguez,19.4042,-99.0907,gasly,GAS,Pierre Gasly,French,10,alpine,Alpine F1 Team,15,15,0.0,18,70,Lapped,,1:22.271,18.0,3,False,False,False,True,20.0,18.0,0,19.0,1.0,22.834,22.834,18.0,
2025,20,Mexico City Grand Prix,2025-10-26,Mexico,Mexico City,Autódromo Hermanos Rodríguez,19.4042,-99.0907,colapinto,COL,Franco Colapinto,Argentine,43,alpine,Alpine F1 Team,16,16,0.0,20,70,Lapped,,1:21.342,12.0,4,False,False,False,True,0.0,20.0,0,0.0,1.0,22.789,22.789,20.0,
2025,20,Mexico City Grand Prix,2025-10-26,Mexico,Mexico City,Autódromo Hermanos Rodríguez,19.4042,-99.0907,sainz,SAI,Carlos Sainz,Spanish,55,williams,Williams,17,17,0.0,12,67,Retired,,1:20.098,2.0,-5,False,False,False,True,38.0,11.0,0,29.0,3.0,23.67233333333333,17.969,7.0,1:16.172
2025,20,Mexico City Grand Prix,2025-10-26,Mexico,Mexico City,Autódromo Hermanos Rodríguez,19.4042,-99.0907,alonso,ALO,Fernando Alonso,Spanish,14,aston_martin,Aston Martin,18,R,0.0,14,34,Retired,,1:21.708,15.0,-4,False,False,False,True,37.0,12.0,0,37.0,1.0,26.816,26.816,14.0,
2025,20,Mexico City Grand Prix,2025-10-26,Mexico,Mexico City,Autódromo Hermanos Rodríguez,19.4042,-99.0907,hulkenberg,HUL,Nico Hülkenberg,German,27,sauber,Sauber,19,R,0.0,13,25,Retired,,1:23.091,19.0,-6,False,False,False,True,41.0,9.0,0,41.0,,,,13.0,
2025,20,Mexico City Grand Prix,2025-10-26,Mexico,Mexico City,Autódromo Hermanos Rodríguez,19.4042,-99.0907,lawson,LAW,Liam Lawson,New Zealander,30,rb,RB F1 Team,20,R,0.0,15,5,Retired,,1:25.124,20.0,-5,False,False,False,True,30.0,15.0,0,30.0,1.0,34.212,34.212,15.0,
2025,21,São Paulo Grand Prix,2025-11-09,Brazil,São Paulo,Autódromo José Carlos Pace,-23.7036,-46.6997,norris,NOR,Lando Norris,British,4,mclaren,McLaren,1,1,25.0,1,71,Finished,,1:13.040,6.0,0,True,True,True,False,390.0,1.0,7,367.0,2.0,23.363999999999997,23.238,1.0,1:09.511
2025,21,São Paulo Grand Prix,2025-11-09,Brazil,São Paulo,Autódromo José Carlos Pace,-23.7036,-46.6997,antonelli,ANT,Andrea Kimi Antonelli,Italian,12,mercedes,Mercedes,2,2,18.0,2,71,Finished,,1:13.123,9.0,0,False,True,True,False,122.0,7.0,0,110.0,2.0,23.378500000000003,23.356,2.0,1:09.685
2025,21,São Paulo Grand Prix,2025-11-09,Brazil,São Paulo,Autódromo José Carlos Pace,-23.7036,-46.6997,max_verstappen,VER,Max Verstappen,Dutch,1,red_bull,Red Bull,3,3,15.0,19,71,Finished,,1:12.447,2.0,16,False,True,True,False,341.0,3.0,5,314.0,3.0,23.188666666666666,23.058,16.0,
2025,21,São Paulo Grand Prix,2025-11-09,Brazil,São Paulo,Autódromo José Carlos Pace,-23.7036,-46.6997,russell,RUS,George Russell,British,63,mercedes,Mercedes,4,4,12.0,6,71,Finished,,1:13.097,8.0,2,False,False,True,False,276.0,4.0,2,253.0,2.0,23.243000000000002,23.128,6.0,1:09.942
2025,21,São Paulo Grand Prix,2025-11-09,Brazil,São Paulo,Autódromo José Carlos Pace,-23.7036,-46.6997,piastri,PIA,Oscar Piastri,Australian,81,mclaren,McLaren,5,5,10.0,4,71,Finished,,1:12.742,3.0,-1,False,False,True,False,366.0,2.0,7,345.0,2.0,28.8785,23.113,4.0,1:09.886
2025,21,São Paulo Grand Prix,2025-11-09,Brazil,São Paulo,Autódromo José Carlos Pace,-23.7036,-46.6997,bearman,BEA,Oliver Bearman,British,87,haas,Haas F1 Team,6,6,8.0,8,71,Finished,,1:13.483,13.0,2,False,False,True,False,40.0,11.0,0,38.0,2.0,24.201,23.748,8.0,1:09.977
2025,21,São Paulo Grand Prix,2025-11-09,Brazil,São Paulo,Autódromo José Carlos Pace,-23.7036,-46.6997,lawson,LAW,Liam Lawson,New Zealander,30,rb,RB F1 Team,7,7,6.0,7,71,Finished,,1:14.029,18.0,0,False,False,True,False,36.0,14.0,0,36.0,1.0,22.899,22.899,7.0,1:09.962
2025,21,São Paulo Grand Prix,2025-11-09,Brazil,São Paulo,Autódromo José Carlos Pace,-23.7036,-46.6997,hadjar,HAD,Isack Hadjar,French,6,rb,RB F1 Team,8,8,4.0,5,71,Finished,,1:13.694,15.0,-3,False,False,True,False,43.0,10.0,0,42.0,2.0,23.584,23.46,5.0,1:09.931
2025,21,São Paulo Grand Prix,2025-11-09,Brazil,São Paulo,Autódromo José Carlos Pace,-23.7036,-46.6997,hulkenberg,HUL,Nico Hülkenberg,German,27,sauber,Sauber,9,9,2.0,10,71,Finished,,1:13.474,11.0,1,False,False,True,False,43.0,9.0,0,43.0,1.0,23.086,23.086,10.0,1:10.039
2025,21,São Paulo Grand Prix,2025-11-09,Brazil,São Paulo,Autódromo José Carlos Pace,-23.7036,-46.6997,gasly,GAS,Pierre Gasly,French,10,alpine,Alpine F1 Team,10,10,1.0,9,71,Finished,,1:13.736,16.0,-1,False,False,True,False,22.0,18.0,0,20.0,2.0,23.6605,23.648,9.0,1:10.002
2025,21,São Paulo Grand Prix,2025-11-09,Brazil,São Paulo,Autódromo José Carlos Pace,-23.7036,-46.6997,albon,ALB,Alexander Albon,Thai,23,williams,Williams,11,11,0.0,12,71,Finished,,1:12.400,1.0,1,False,False,True,False,73.0,8.0,0,70.0,2.0,23.0865,23.061,12.0,
2025,21,São Paulo Grand Prix,2025-11-09,Brazil,São Paulo,Autódromo José Carlos Pace,-23.7036,-46.6997,ocon,OCO,Esteban Ocon,French,31,haas,Haas F1 Team,12,12,0.0,20,71,Finished,,1:13.481,12.0,8,False,False,True,False,30.0,16.0,0,26.0,2.0,24.1905,24.177,17.0,
2025,21,São Paulo Grand Prix,2025-11-09,Brazil,São Paulo,Autódromo José Carlos Pace,-23.7036,-46.6997,sainz,SAI,Carlos Sainz,Spanish,55,williams,Williams,13,13,0.0,15,71,Finished,,1:13.683,14.0,2,False,False,True,False,38.0,13.0,0,29.0,2.0,24.649,23.234,15.0,
2025,21,São Paulo Grand Prix,2025-11-09,Brazil,São Paulo,Autódromo José Carlos Pace,-23.7036,-46.6997,alonso,ALO,Fernando Alonso,Spanish,14,aston_martin,Aston Martin,14,14,0.0,11,71,Finished,,1:13.312,10.0,-3,False,False,True,False,40.0,12.0,0,37.0,2.0,23.752499999999998,23.563,11.0,
2025,21,São Paulo Grand Prix,2025-11-09,Brazil,São Paulo,Autódromo José Carlos Pace,-23.7036,-46.6997,colapinto,COL,Franco Colapinto,Argentine,43,alpine,Alpine F1 Team,15,15,0.0,16,71,Finished,,1:12.816,5.0,1,False,False,True,False,0.0,20.0,0,0.0,2.0,24.917,23.71,18.0,
2025,21,São Paulo Grand Prix,2025-11-09,Brazil,São Paulo,Autódromo José Carlos Pace,-23.7036,-46.6997,stroll,STR,Lance Stroll,Canadian,18,aston_martin,Aston Martin,16,16,0.0,14,71,Finished,,1:13.094,7.0,-2,False,False,True,False,32.0,15.0,0,28.0,2.0,23.364,22.968,14.0,
2025,21,São Paulo Grand Prix,2025-11-09,Brazil,São Paulo,Autódromo José Carlos Pace,-23.7036,-46.6997,tsunoda,TSU,Yuki Tsunoda,Japanese,22,red_bull,Red Bull,17,17,0.0,17,71,Finished,,1:12.774,4.0,0,False,False,True,False,28.0,17.0,0,20.0,3.0,30.333333333333332,22.974,19.0,
2025,21,São Paulo Grand Prix,2025-11-09,Brazil,São Paulo,Autódromo José Carlos Pace,-23.7036,-46.6997,hamilton,HAM,Lewis Hamilton,British,44,ferrari,Ferrari,18,R,0.0,13,37,Retired,,1:13.844,17.0,-5,False,False,False,True,148.0,6.0,0,127.0,3.0,31.417999999999996,23.426,13.0,
2025,21,São Paulo Grand Prix,2025-11-09,Brazil,São Paulo,Autódromo José Carlos Pace,-23.7036,-46.6997,leclerc,LEC,Charles Leclerc,Monegasque,16,ferrari,Ferrari,19,R,0.0,3,5,Retired,,1:43.560,19.0,-16,False,False,False,True,214.0,5.0,0,197.0,,,,3.0,1:09.805
2025,21,São Paulo Grand Prix,2025-11-09,Brazil,São Paulo,Autódromo José Carlos Pace,-23.7036,-46.6997,bortoleto,BOR,Gabriel Bortoleto,Brazilian,5,sauber,Sauber,20,R,0.0,18,0,Retired,,,,-2,False,False,False,True,19.0,19.0,0,19.0,,,,,
2025,22,Las Vegas Grand Prix,2025-11-23,USA,Las Vegas,Las Vegas Strip Street Circuit,36.1147,-115.173,max_verstappen,VER,Max Verstappen,Dutch,1,red_bull,Red Bull,1,1,25.0,2,50,Finished,,1:33.365,1.0,1,True,True,True,False,366.0,3.0,6,339.0,1.0,21.708,21.708,2.0,1:48.257
2025,22,Las Vegas Grand Prix,2025-11-23,USA,Las Vegas,Las Vegas Strip Street Circuit,36.1147,-115.173,russell,RUS,George Russell,British,63,mercedes,Mercedes,2,2,18.0,4,50,Finished,,1:34.592,9.0,2,False,True,True,False,294.0,4.0,2,271.0,1.0,20.929,20.929,4.0,1:48.803
2025,22,Las Vegas Grand Prix,2025-11-23,USA,Las Vegas,Las Vegas Strip Street Circuit,36.1147,-115.173,antonelli,ANT,Andrea Kimi Antonelli,Italian,12,mercedes,Mercedes,3,3,15.0,17,50,Finished,,1:33.998,2.0,14,False,True,True,False,137.0,7.0,0,125.0,1.0,21.968,21.968,17.0,
2025,22,Las Vegas Grand Prix,2025-11-23,USA,Las Vegas,Las Vegas Strip Street Circuit,36.1147,-115.173,leclerc,LEC,Charles Leclerc,Monegasque,16,ferrari,Ferrari,4,4,12.0,9,50,Finished,,1:34.304,3.0,5,False,False,True,False,226.0,5.0,0,209.0,1.0,21.351,21.351,9.0,1:49.872
2025,22,Las Vegas Grand Prix,2025-11-23,USA,Las Vegas,Las Vegas Strip Street Circuit,36.1147,-115.173,sainz,SAI,Carlos Sainz,Spanish,55,williams,Williams,5,5,10.0,3,50,Finished,,1:34.496,4.0,-2,False,False,True,False,48.0,11.0,0,39.0,1.0,21.164,21.164,3.0,1:48.296
2025,22,Las Vegas Grand Prix,2025-11-23,USA,Las Vegas,Las Vegas Strip Street Circuit,36.1147,-115.173,hadjar,HAD,Isack Hadjar,French,6,rb,RB F1 Team,6,6,8.0,8,50,Finished,,1:34.620,10.0,2,False,False,True,False,51.0,9.0,0,50.0,1.0,21.324,21.324,8.0,1:49.554
2025,22,Las Vegas Grand Prix,2025-11-23,USA,Las Vegas,Las Vegas Strip Street Circuit,36.1147,-115.173,hulkenberg,HUL,Nico Hülkenberg,German,27,sauber,Sauber,7,7,6.0,11,50,Finished,,1:34.592,8.0,4,False,False,True,False,49.0,10.0,0,49.0,1.0,22.333,22.333,11.0,
2025,22,Las Vegas Grand Prix,2025-11-23,USA,Las Vegas,Las Vegas Strip Street Circuit,36.1147,-115.173,hamilton,HAM,Lewis Hamilton,British,44,ferrari,Ferrari,8,8,4.0,19,50,Finished,,1:34.553,6.0,11,False,False,True,False,152.0,6.0,0,131.0,1.0,21.638,21.638,20.0,
2025,22,Las Vegas Grand Prix,2025-11-23,USA,Las Vegas,Las Vegas Strip Street Circuit,36.1147,-115.173,ocon,OCO,Esteban Ocon,French,31,haas,Haas F1 Team,9,9,2.0,13,50,Finished,,1:34.557,7.0,4,False,False,True,False,32.0,15.0,0,28.0,1.0,22.389,22.389,13.0,
2025,22,Las Vegas Grand Prix,2025-11-23,USA,Las Vegas,Las Vegas Strip Street Circuit,36.1147,-115.173,bearman,BEA,Oliver Bearman,British,87,haas,Haas F1 Team,10,10,1.0,14,50,Finished,,1:34.519,5.0,4,False,False,True,False,41.0,12.0,0,39.0,1.0,21.491,21.491,14.0,
2025,22,Las Vegas Grand Prix,2025-11-23,USA,Las Vegas,Las Vegas Strip Street Circuit,36.1147,-115.173,alonso,ALO,Fernando Alonso,Spanish,14,aston_martin,Aston Martin,11,11,0.0,7,50,Finished,,1:35.629,14.0,-4,False,False,True,False,40.0,13.0,0,37.0,1.0,21.068,21.068,7.0,1:49.466
2025,22,Las Vegas Grand Prix,2025-11-23,USA,Las Vegas,Las Vegas Strip Street Circuit,36.1147,-115.173,tsunoda,TSU,Yuki Tsunoda,Japanese,22,red_bull,Red Bull,12,12,0.0,20,50,Finished,,1:34.967,12.0,8,False,False,True,False,28.0,17.0,0,20.0,2.0,21.0315,20.68,19.0,
2025,22,Las Vegas Grand Prix,2025-11-23,USA,Las Vegas,Las Vegas Strip Street Circuit,36.1147,-115.173,gasly,GAS,Pierre Gasly,French,10,alpine,Alpine F1 Team,13,13,0.0,10,50,Finished,,1:35.674,15.0,-3,False,False,True,False,22.0,18.0,0,20.0,1.0,23.903,23.903,10.0,1:51.540
2025,22,Las Vegas Grand Prix,2025-11-23,USA,Las Vegas,Las Vegas Strip Street Circuit,36.1147,-115.173,lawson,LAW,Liam Lawson,New Zealander,30,rb,RB F1 Team,14,14,0.0,6,49,Lapped,,1:34.837,11.0,-8,False,False,False,True,36.0,14.0,0,36.0,2.0,27.011499999999998,21.287,6.0,1:49.062
2025,22,Las Vegas Grand Prix,2025-11-23,USA,Las Vegas,Las Vegas Strip Street Circuit,36.1147,-115.173,colapinto,COL,Franco Colapinto,Argentine,43,alpine,Alpine F1 Team,15,15,0.0,15,49,Lapped,,1:35.780,16.0,0,False,False,False,True,0.0,20.0,0,0.0,1.0,22.842,22.842,15.0,
2025,22,Las Vegas Grand Prix,2025-11-23,USA,Las Vegas,Las Vegas Strip Street Circuit,36.1147,-115.173,albon,ALB,Alexander Albon,Thai,23,williams,Williams,16,R,0.0,16,35,Retired,,1:35.184,13.0,0,False,False,False,True,73.0,8.0,0,70.0,3.0,27.578000000000003,23.361,16.0,
2025,22,Las Vegas Grand Prix,2025-11-23,USA,Las Vegas,Las Vegas Strip Street Circuit,36.1147,-115.173,bortoleto,BOR,Gabriel Bortoleto,Brazilian,5,sauber,Sauber,17,R,0.0,18,2,Retired,,,,1,False,False,False,True,19.0,19.0,0,19.0,1.0,33.23,33.23,18.0,
2025,22,Las Vegas Grand Prix,2025-11-23,USA,Las Vegas,Las Vegas Strip Street Circuit,36.1147,-115.173,stroll,STR,Lance Stroll,Canadian,18,aston_martin,Aston Martin,18,R,0.0,12,0,Retired,,,,-6,False,False,False,True,32.0,16.0,0,28.0,,,,12.0,
2025,22,Las Vegas Grand Prix,2025-11-23,USA,Las Vegas,Las Vegas Strip Street Circuit,36.1147,-115.173,norris,NOR,Lando Norris,British,4,mclaren,McLaren,19,D,0.0,1,50,Disqualified,,,,-18,False,False,False,True,390.0,1.0,7,367.0,1.0,21.049,21.049,1.0,1:47.934
2025,22,Las Vegas Grand Prix,2025-11-23,USA,Las Vegas,Las Vegas Strip Street Circuit,36.1147,-115.173,piastri,PIA,Oscar Piastri,Australian,81,mclaren,McLaren,20,D,0.0,5,50,Disqualified,,,,-15,False,False,False,True,366.0,2.0,7,345.0,1.0,21.371,21.371,5.0,1:48.961
2025,23,Qatar Grand Prix,2025-11-30,Qatar,Lusail,Losail International Circuit,25.49,51.4542,max_verstappen,VER,Max Verstappen,Dutch,1,red_bull,Red Bull,1,1,25.0,3,57,Finished,,1:23.498,5.0,2,True,True,True,False,396.0,2.0,7,364.0,2.0,29.069,28.168,3.0,1:19.651
2025,23,Qatar Grand Prix,2025-11-30,Qatar,Lusail,Losail International Circuit,25.49,51.4542,piastri,PIA,Oscar Piastri,Australian,81,mclaren,McLaren,2,2,18.0,1,57,Finished,,1:22.996,1.0,-1,False,True,True,False,392.0,3.0,7,363.0,2.0,28.450000000000003,27.853,1.0,1:19.387
2025,23,Qatar Grand Prix,2025-11-30,Qatar,Lusail,Losail International Circuit,25.49,51.4542,sainz,SAI,Carlos Sainz,Spanish,55,williams,Williams,3,3,15.0,7,57,Finished,,1:23.859,6.0,4,False,True,True,False,64.0,9.0,0,54.0,2.0,28.3705,28.181,7.0,1:20.287
2025,23,Qatar Grand Prix,2025-11-30,Qatar,Lusail,Losail International Circuit,25.49,51.4542,norris,NOR,Lando Norris,British,4,mclaren,McLaren,4,4,12.0,2,57,Finished,,1:23.197,2.0,-2,False,False,True,False,408.0,1.0,7,379.0,2.0,28.0905,27.938,2.0,1:19.495
2025,23,Qatar Grand Prix,2025-11-30,Qatar,Lusail,Losail International Circuit,25.49,51.4542,antonelli,ANT,Andrea Kimi Antonelli,Italian,12,mercedes,Mercedes,5,5,10.0,5,57,Finished,,1:23.955,8.0,0,False,False,True,False,150.0,7.0,0,135.0,2.0,30.273000000000003,28.544,5.0,1:19.846
2025,23,Qatar Grand Prix,2025-11-30,Qatar,Lusail,Losail International Circuit,25.49,51.4542,russell,RUS,George Russell,British,63,mercedes,Mercedes,6,6,8.0,4,57,Finished,,1:23.198,3.0,-2,False,False,True,False,309.0,4.0,2,279.0,2.0,31.159,29.077,4.0,1:19.662
2025,23,Qatar Grand Prix,2025-11-30,Qatar,Lusail,Losail International Circuit,25.49,51.4542,alonso,ALO,Fernando Alonso,Spanish,14,aston_martin,Aston Martin,7,7,6.0,8,57,Finished,,1:23.940,7.0,1,False,False,True,False,48.0,12.0,0,43.0,2.0,28.6115,28.288,8.0,1:20.418
2025,23,Qatar Grand Prix,2025-11-30,Qatar,Lusail,Losail International Circuit,25.49,51.4542,leclerc,LEC,Charles Leclerc,Monegasque,16,ferrari,Ferrari,8,8,4.0,10,57,Finished,,1:24.432,13.0,2,False,False,True,False,230.0,5.0,0,213.0,2.0,29.697,28.999,10.0,1:20.561
2025,23,Qatar Grand Prix,2025-11-30,Qatar,Lusail,Losail International Circuit,25.49,51.4542,lawson,LAW,Liam Lawson,New Zealander,30,rb,RB F1 Team,9,9,2.0,12,57,Finished,,1:23.971,9.0,3,False,False,True,False,38.0,14.0,0,38.0,2.0,28.5355,28.078,12.0,
2025,23,Qatar Grand Prix,2025-11-30,Qatar,Lusail,Losail International Circuit,25.49,51.4542,tsunoda,TSU,Yuki Tsunoda,Japanese,22,red_bull,Red Bull,10,10,1.0,15,57,Finished,,1:24.139,10.0,5,False,False,True,False,33.0,15.0,0,21.0,2.0,28.759,28.33,16.0,
2025,23,Qatar Grand Prix,2025-11-30,Qatar,Lusail,Losail International Circuit,25.49,51.4542,albon,ALB,Alexander Albon,Thai,23,williams,Williams,11,11,0.0,14,57,Finished,,1:24.261,11.0,3,False,False,True,False,73.0,8.0,0,70.0,2.0,29.1735,28.89,15.0,
2025,23,Qatar Grand Prix,2025-11-30,Qatar,Lusail,Losail International Circuit,25.49,51.4542,hamilton,HAM,Lewis Hamilton,British,44,ferrari,Ferrari,12,12,0.0,17,57,Finished,,1:24.848,14.0,5,False,False,True,False,152.0,6.0,0,131.0,2.0,30.353499999999997,28.541,18.0,
2025,23,Qatar Grand Prix,2025-11-30,Qatar,Lusail,Losail International Circuit,25.49,51.4542,bortoleto,BOR,Gabriel Bortoleto,Brazilian,5,sauber,Sauber,13,13,0.0,19,57,Finished,,1:25.233,17.0,6,False,False,True,False,19.0,19.0,0,19.0,2.0,28.3525,28.234,14.0,
2025,23,Qatar Grand Prix,2025-11-30,Qatar,Lusail,Losail International Circuit,25.49,51.4542,colapinto,COL,Franco Colapinto,Argentine,43,alpine,Alpine F1 Team,14,14,0.0,20,56,Lapped,,1:25.644,19.0,6,False,False,False,True,0.0,20.0,0,0.0,2.0,29.240000000000002,28.942,20.0,
2025,23,Qatar Grand Prix,2025-11-30,Qatar,Lusail,Losail International Circuit,25.49,51.4542,ocon,OCO,Esteban Ocon,French,31,haas,Haas F1 Team,15,15,0.0,16,56,Lapped,,1:25.056,16.0,1,False,False,False,True,32.0,16.0,0,28.0,3.0,33.004999999999995,30.469,17.0,
2025,23,Qatar Grand Prix,2025-11-30,Qatar,Lusail,Losail International Circuit,25.49,51.4542,gasly,GAS,Pierre Gasly,French,10,alpine,Alpine F1 Team,16,16,0.0,9,56,Lapped,,1:25.376,18.0,-7,False,False,False,True,22.0,18.0,0,20.0,2.0,30.951,30.559,9.0,1:20.477
2025,23,Qatar Grand Prix,2025-11-30,Qatar,Lusail,Losail International Circuit,25.49,51.4542,stroll,STR,Lance Stroll,Canadian,18,aston_martin,Aston Martin,17,17,0.0,18,55,Retired,,1:23.484,4.0,1,False,False,False,True,32.0,17.0,0,28.0,3.0,30.61966666666667,28.064,19.0,
2025,23,Qatar Grand Prix,2025-11-30,Qatar,Lusail,Losail International Circuit,25.49,51.4542,hadjar,HAD,Isack Hadjar,French,6,rb,RB F1 Team,18,18,0.0,6,55,Retired,,1:24.317,12.0,-12,False,False,False,True,51.0,10.0,0,50.0,2.0,28.373,27.931,6.0,1:20.114
2025,23,Qatar Grand Prix,2025-11-30,Qatar,Lusail,Losail International Circuit,25.49,51.4542,bearman,BEA,Oliver Bearman,British,87,haas,Haas F1 Team,19,R,0.0,13,41,Retired,,1:24.930,15.0,-6,False,False,False,True,41.0,13.0,0,39.0,3.0,37.193999999999996,28.837,13.0,
2025,23,Qatar Grand Prix,2025-11-30,Qatar,Lusail,Losail International Circuit,25.49,51.4542,hulkenberg,HUL,Nico Hülkenberg,German,27,sauber,Sauber,20,R,0.0,11,6,Retired,,1:28.139,20.0,-9,False,False,False,True,49.0,11.0,0,49.0,,,,11.0,
2025,24,Abu Dhabi Grand Prix,2025-12-07,UAE,Abu Dhabi,Yas Marina Circuit,24.4672,54.6031,max_verstappen,VER,Max Verstappen,Dutch,1,red_bull,Red Bull,1,1,25.0,1,58,Finished,,1:27.625,5.0,0,True,True,True,False,421.0,2.0,8,389.0,1.0,21.703,21.703,1.0,1:22.207
2025,24,Abu Dhabi Grand Prix,2025-12-07,UAE,Abu Dhabi,Yas Marina Circuit,24.4672,54.6031,piastri,PIA,Oscar Piastri,Australian,81,mclaren,McLaren,2,2,18.0,3,58,Finished,,1:26.765,2.0,1,False,True,True,False,410.0,3.0,7,381.0,1.0,21.565,21.565,3.0,1:22.437
2025,24,Abu Dhabi Grand Prix,2025-12-07,UAE,Abu Dhabi,Yas Marina Circuit,24.4672,54.6031,norris,NOR,Lando Norris,British,4,mclaren,McLaren,3,3,15.0,2,58,Finished,,1:26.818,3.0,-1,False,True,True,False,423.0,1.0,7,394.0,2.0,21.365000000000002,21.323,2.0,1:22.408
2025,24,Abu Dhabi Grand Prix,2025-12-07,UAE,Abu Dhabi,Yas Marina Circuit,24.4672,54.6031,leclerc,LEC,Charles Leclerc,Monegasque,16,ferrari,Ferrari,4,4,12.0,5,58,Finished,,1:26.725,1.0,1,False,False,True,False,242.0,5.0,0,225.0,2.0,21.297,20.902,5.0,1:22.730
2025,24,Abu Dhabi Grand Prix,2025-12-07,UAE,Abu Dhabi,Yas Marina Circuit,24.4672,54.6031,russell,RUS,George Russell,British,63,mercedes,Mercedes,5,5,10.0,4,58,Finished,,1:28.599,14.0,-1,False,False,True,False,319.0,4.0,2,289.0,1.0,21.979,21.979,4.0,1:22.645
2025,24,Abu Dhabi Grand Prix,2025-12-07,UAE,Abu Dhabi,Yas Marina Circuit,24.4672,54.6031,alonso,ALO,Fernando Alonso,Spanish,14,aston_martin,Aston Martin,6,6,8.0,6,58,Finished,,1:28.279,11.0,0,False,False,True,False,56.0,10.0,0,51.0,1.0,23.267,23.267,6.0,1:22.902
2025,24,Abu Dhabi Grand Prix,2025-12-07,UAE,Abu Dhabi,Yas Marina Circuit,24.4672,54.6031,ocon,OCO,Esteban Ocon,French,31,haas,Haas F1 Team,7,7,6.0,8,58,Finished,,1:28.655,15.0,1,False,False,True,False,38.0,15.0,0,34.0,1.0,22.254,22.254,8.0,1:22.913
2025,24,Abu Dhabi Grand Prix,2025-12-07,UAE,Abu Dhabi,Yas Marina Circuit,24.4672,54.6031,hamilton,HAM,Lewis Hamilton,British,44,ferrari,Ferrari,8,8,4.0,16,58,Finished,,1:28.094,10.0,8,False,False,True,False,156.0,6.0,0,135.0,2.0,21.509,21.417,16.0,
2025,24,Abu Dhabi Grand Prix,2025-12-07,UAE,Abu Dhabi,Yas Marina Circuit,24.4672,54.6031,hulkenberg,HUL,Nico Hülkenberg,German,27,sauber,Sauber,9,9,2.0,18,58,Finished,,1:27.050,4.0,9,False,False,True,False,51.0,11.0,0,51.0,2.0,21.5435,21.468,18.0,
2025,24,Abu Dhabi Grand Prix,2025-12-07,UAE,Abu Dhabi,Yas Marina Circuit,24.4672,54.6031,stroll,STR,Lance Stroll,Canadian,18,aston_martin,Aston Martin,10,10,1.0,15,58,Finished,,1:27.626,6.0,5,False,False,True,False,33.0,16.0,0,29.0,1.0,21.535,21.535,15.0,
2025,24,Abu Dhabi Grand Prix,2025-12-07,UAE,Abu Dhabi,Yas Marina Circuit,24.4672,54.6031,bortoleto,BOR,Gabriel Bortoleto,Brazilian,5,sauber,Sauber,11,11,0.0,7,58,Finished,,1:29.114,19.0,-4,False,False,True,False,19.0,19.0,0,19.0,1.0,22.121,22.121,7.0,1:22.904
2025,24,Abu Dhabi Grand Prix,2025-12-07,UAE,Abu Dhabi,Yas Marina Circuit,24.4672,54.6031,bearman,BEA,Oliver Bearman,British,87,haas,Haas F1 Team,12,12,0.0,11,58,Finished,,1:28.976,17.0,-1,False,False,True,False,41.0,13.0,0,39.0,1.0,22.263,22.263,11.0,
2025,24,Abu Dhabi Grand Prix,2025-12-07,UAE,Abu Dhabi,Yas Marina Circuit,24.4672,54.6031,sainz,SAI,Carlos Sainz,Spanish,55,williams,Williams,13,13,0.0,12,58,Finished,,1:29.052,18.0,-1,False,False,True,False,64.0,9.0,0,54.0,1.0,21.799,21.799,12.0,
2025,24,Abu Dhabi Grand Prix,2025-12-07,UAE,Abu Dhabi,Yas Marina Circuit,24.4672,54.6031,tsunoda,TSU,Yuki Tsunoda,Japanese,22,red_bull,Red Bull,14,14,0.0,10,58,Finished,,1:28.557,13.0,-4,False,False,True,False,33.0,17.0,0,21.0,1.0,27.041,27.041,10.0,
2025,24,Abu Dhabi Grand Prix,2025-12-07,UAE,Abu Dhabi,Yas Marina Circuit,24.4672,54.6031,antonelli,ANT,Andrea Kimi Antonelli,Italian,12,mercedes,Mercedes,15,15,0.0,14,58,Finished,,1:28.029,9.0,-1,False,False,True,False,150.0,7.0,0,135.0,1.0,22.155,22.155,14.0,
2025,24,Abu Dhabi Grand Prix,2025-12-07,UAE,Abu Dhabi,Yas Marina Circuit,24.4672,54.6031,albon,ALB,Alexander Albon,Thai,23,williams,Williams,16,16,0.0,17,58,Finished,,1:28.367,12.0,1,False,False,True,False,73.0,8.0,0,70.0,2.0,21.523,21.495,17.0,
2025,24,Abu Dhabi Grand Prix,2025-12-07,UAE,Abu Dhabi,Yas Marina Circuit,24.4672,54.6031,hadjar,HAD,Isack Hadjar,French,6,rb,RB F1 Team,17,17,0.0,9,57,Lapped,,1:29.375,20.0,-8,False,False,False,True,51.0,12.0,0,50.0,1.0,21.932,21.932,9.0,1:23.072
2025,24,Abu Dhabi Grand Prix,2025-12-07,UAE,Abu Dhabi,Yas Marina Circuit,24.4672,54.6031,lawson,LAW,Liam Lawson,New Zealander,30,rb,RB F1 Team,18,18,0.0,13,57,Lapped,,1:28.886,16.0,-5,False,False,False,True,38.0,14.0,0,38.0,1.0,28.369,28.369,13.0,
2025,24,Abu Dhabi Grand Prix,2025-12-07,UAE,Abu Dhabi,Yas Marina Circuit,24.4672,54.6031,gasly,GAS,Pierre Gasly,French,10,alpine,Alpine F1 Team,19,19,0.0,19,57,Lapped,,1:27.767,8.0,0,False,False,False,True,22.0,18.0,0,20.0,2.0,22.4095,22.234,19.0,
2025,24,Abu Dhabi Grand Prix,2025-12-07,UAE,Abu Dhabi,Yas Marina Circuit,24.4672,54.6031,colapinto,COL,Franco Colapinto,Argentine,43,alpine,Alpine F1 Team,20,20,0.0,20,57,Lapped,,1:27.710,7.0,0,False,False,False,True,0.0,20.0,0,0.0,2.0,22.454,21.953,20.0,
2026,1,Australian Grand Prix,2026-03-08,Australia,Melbourne,Albert Park Grand Prix Circuit,-37.8497,144.968,russell,RUS,George Russell,British,63,mercedes,Mercedes,1,1,25.0,1,58,Finished,,1:22.670,6.0,0,True,True,True,False,25.0,1.0,1,25.0,1.0,17.794,17.794,1.0,1:18.518
2026,1,Australian Grand Prix,2026-03-08,Australia,Melbourne,Albert Park Grand Prix Circuit,-37.8497,144.968,antonelli,ANT,Andrea Kimi Antonelli,Italian,12,mercedes,Mercedes,2,2,18.0,2,58,Finished,,1:22.417,3.0,0,False,True,True,False,18.0,2.0,0,18.0,1.0,20.985,20.985,2.0,1:18.811
2026,1,Australian Grand Prix,2026-03-08,Australia,Melbourne,Albert Park Grand Prix Circuit,-37.8497,144.968,leclerc,LEC,Charles Leclerc,Monegasque,16,ferrari,Ferrari,3,3,15.0,4,58,Finished,,1:22.579,5.0,1,False,True,True,False,15.0,3.0,0,15.0,1.0,17.664,17.664,4.0,1:19.327
2026,1,Australian Grand Prix,2026-03-08,Australia,Melbourne,Albert Park Grand Prix Circuit,-37.8497,144.968,hamilton,HAM,Lewis Hamilton,British,44,ferrari,Ferrari,4,4,12.0,7,58,Finished,,1:22.423,4.0,3,False,False,True,False,12.0,4.0,0,12.0,1.0,17.741,17.741,7.0,1:19.478
2026,1,Australian Grand Prix,2026-03-08,Australia,Melbourne,Albert Park Grand Prix Circuit,-37.8497,144.968,norris,NOR,Lando Norris,British,1,mclaren,McLaren,5,5,10.0,6,58,Finished,,1:22.358,2.0,1,False,False,True,False,10.0,5.0,0,10.0,2.0,17.9575,17.649,6.0,1:19.475
2026,1,Australian Grand Prix,2026-03-08,Australia,Melbourne,Albert Park Grand Prix Circuit,-37.8497,144.968,max_verstappen,VER,Max Verstappen,Dutch,3,red_bull,Red Bull,6,6,8.0,20,58,Finished,,1:22.091,1.0,14,False,False,True,False,8.0,6.0,0,8.0,2.0,18.573999999999998,18.078,,
2026,1,Australian Grand Prix,2026-03-08,Australia,Melbourne,Albert Park Grand Prix Circuit,-37.8497,144.968,bearman,BEA,Oliver Bearman,British,87,haas,Haas F1 Team,7,7,6.0,12,57,Lapped,,1:24.020,11.0,5,False,False,False,True,6.0,7.0,0,6.0,1.0,18.774,18.774,12.0,
2026,1,Australian Grand Prix,2026-03-08,Australia,Melbourne,Albert Park Grand Prix Circuit,-37.8497,144.968,arvid_lindblad,LIN,Arvid Lindblad,British,41,rb,RB F1 Team,8,8,4.0,9,57,Lapped,,1:24.182,12.0,1,False,False,False,True,4.0,8.0,0,4.0,1.0,18.506,18.506,9.0,1:21.247
2026,1,Australian Grand Prix,2026-03-08,Australia,Melbourne,Albert Park Grand Prix Circuit,-37.8497,144.968,bortoleto,BOR,Gabriel Bortoleto,Brazilian,5,audi,Audi,9,9,2.0,10,57,Lapped,,1:23.257,8.0,1,False,False,False,True,2.0,9.0,0,2.0,2.0,20.7675,18.916,10.0,
2026,1,Australian Grand Prix,2026-03-08,Australia,Melbourne,Albert Park Grand Prix Circuit,-37.8497,144.968,gasly,GAS,Pierre Gasly,French,10,alpine,Alpine F1 Team,10,10,1.0,14,57,Lapped,,1:24.486,15.0,4,False,False,False,True,1.0,10.0,0,1.0,1.0,18.672,18.672,14.0,
2026,1,Australian Grand Prix,2026-03-08,Australia,Melbourne,Albert Park Grand Prix Circuit,-37.8497,144.968,ocon,OCO,Esteban Ocon,French,31,haas,Haas F1 Team,11,11,0.0,13,57,Lapped,,1:24.424,14.0,2,False,False,False,True,0.0,11.0,0,0.0,1.0,18.57,18.57,13.0,
2026,1,Australian Grand Prix,2026-03-08,Australia,Melbourne,Albert Park Grand Prix Circuit,-37.8497,144.968,albon,ALB,Alexander Albon,Thai,23,williams,Williams,12,12,0.0,15,57,Lapped,,1:24.375,13.0,3,False,False,False,True,0.0,12.0,0,0.0,2.0,18.261,18.118,15.0,
2026,1,Australian Grand Prix,2026-03-08,Australia,Melbourne,Albert Park Grand Prix Circuit,-37.8497,144.968,lawson,LAW,Liam Lawson,New Zealander,30,rb,RB F1 Team,13,13,0.0,8,57,Lapped,,1:23.783,10.0,-5,False,False,False,True,0.0,13.0,0,0.0,2.0,18.651,18.19,8.0,1:19.994
2026,1,Australian Grand Prix,2026-03-08,Australia,Melbourne,Albert Park Grand Prix Circuit,-37.8497,144.968,colapinto,COL,Franco Colapinto,Argentine,43,alpine,Alpine F1 Team,14,14,0.0,16,56,Lapped,,1:22.926,7.0,2,False,False,False,True,0.0,14.0,0,0.0,2.0,23.147,18.561,16.0,
2026,1,Australian Grand Prix,2026-03-08,Australia,Melbourne,Albert Park Grand Prix Circuit,-37.8497,144.968,sainz,SAI,Carlos Sainz,Spanish,55,williams,Williams,15,15,0.0,21,56,Lapped,,1:23.590,9.0,6,False,False,False,True,0.0,15.0,0,0.0,3.0,26.804333333333336,19.859,,
2026,1,Australian Grand Prix,2026-03-08,Australia,Melbourne,Albert Park Grand Prix Circuit,-37.8497,144.968,perez,PER,Sergio Pérez,Mexican,11,cadillac,Cadillac F1 Team,16,16,0.0,18,55,Lapped,,1:26.070,19.0,2,False,False,False,True,0.0,16.0,0,0.0,2.0,20.161,18.951,18.0,
2026,1,Australian Grand Prix,2026-03-08,Australia,Melbourne,Albert Park Grand Prix Circuit,-37.8497,144.968,stroll,STR,Lance Stroll,Canadian,18,aston_martin,Aston Martin,17,R,0.0,22,43,Lapped,,1:25.410,17.0,5,False,False,False,True,0.0,,0,0.0,3.0,30.778999999999996,22.469,,
2026,1,Australian Grand Prix,2026-03-08,Australia,Melbourne,Albert Park Grand Prix Circuit,-37.8497,144.968,alonso,ALO,Fernando Alonso,Spanish,14,aston_martin,Aston Martin,18,R,0.0,17,21,Retired,,1:25.713,18.0,-1,False,False,False,True,0.0,20.0,0,0.0,1.0,25.895,25.895,17.0,
2026,1,Australian Grand Prix,2026-03-08,Australia,Melbourne,Albert Park Grand Prix Circuit,-37.8497,144.968,bottas,BOT,Valtteri Bottas,Finnish,77,cadillac,Cadillac F1 Team,19,R,0.0,19,15,Retired,,1:27.364,20.0,0,False,False,False,True,0.0,21.0,0,0.0,1.0,30.387,30.387,19.0,
2026,1,Australian Grand Prix,2026-03-08,Australia,Melbourne,Albert Park Grand Prix Circuit,-37.8497,144.968,hadjar,HAD,Isack Hadjar,French,6,red_bull,Red Bull,20,R,0.0,3,10,Retired,,1:25.239,16.0,-17,False,False,False,True,0.0,17.0,0,0.0,,,,3.0,1:19.303
2026,1,Australian Grand Prix,2026-03-08,Australia,Melbourne,Albert Park Grand Prix Circuit,-37.8497,144.968,piastri,PIA,Oscar Piastri,Australian,81,mclaren,McLaren,21,W,0.0,5,0,Did not start,,,,-16,False,False,False,True,0.0,18.0,0,0.0,,,,5.0,1:19.380
2026,1,Australian Grand Prix,2026-03-08,Australia,Melbourne,Albert Park Grand Prix Circuit,-37.8497,144.968,hulkenberg,HUL,Nico Hülkenberg,German,27,audi,Audi,22,W,0.0,11,0,Did not start,,,,-11,False,False,False,True,0.0,19.0,0,0.0,,,,11.0,
2026,2,Chinese Grand Prix,2026-03-15,China,Shanghai,Shanghai International Circuit,31.3389,121.22,antonelli,ANT,Andrea Kimi Antonelli,Italian,12,mercedes,Mercedes,1,1,25.0,1,56,Finished,,1:35.275,1.0,0,True,True,True,False,47.0,2.0,1,43.0,1.0,23.005,23.005,1.0,1:32.064
2026,2,Chinese Grand Prix,2026-03-15,China,Shanghai,Shanghai International Circuit,31.3389,121.22,russell,RUS,George Russell,British,63,mercedes,Mercedes,2,2,18.0,2,56,Finished,,1:35.400,2.0,0,False,True,True,False,51.0,1.0,1,43.0,1.0,23.39,23.39,2.0,1:32.286
2026,2,Chinese Grand Prix,2026-03-15,China,Shanghai,Shanghai International Circuit,31.3389,121.22,hamilton,HAM,Lewis Hamilton,British,44,ferrari,Ferrari,3,3,15.0,3,56,Finished,,1:36.092,5.0,0,False,True,True,False,33.0,4.0,0,27.0,1.0,22.433,22.433,3.0,1:32.415
2026,2,Chinese Grand Prix,2026-03-15,China,Shanghai,Shanghai International Circuit,31.3389,121.22,leclerc,LEC,Charles Leclerc,Monegasque,16,ferrari,Ferrari,4,4,12.0,4,56,Finished,,1:36.011,4.0,0,False,False,True,False,34.0,3.0,0,27.0,1.0,25.633,25.633,4.0,1:32.428
2026,2,Chinese Grand Prix,2026-03-15,China,Shanghai,Shanghai International Circuit,31.3389,121.22,bearman,BEA,Oliver Bearman,British,87,haas,Haas F1 Team,5,5,10.0,10,56,Finished,,1:36.429,8.0,5,False,False,True,False,17.0,5.0,0,16.0,1.0,22.967,22.967,10.0,1:33.292
2026,2,Chinese Grand Prix,2026-03-15,China,Shanghai,Shanghai International Circuit,31.3389,121.22,gasly,GAS,Pierre Gasly,French,10,alpine,Alpine F1 Team,6,6,8.0,7,56,Finished,,1:36.505,9.0,1,False,False,True,False,9.0,7.0,0,9.0,1.0,23.539,23.539,7.0,1:32.873
2026,2,Chinese Grand Prix,2026-03-15,China,Shanghai,Shanghai International Circuit,31.3389,121.22,lawson,LAW,Liam Lawson,New Zealander,30,rb,RB F1 Team,7,7,6.0,14,56,Finished,,1:37.096,12.0,7,False,False,True,False,8.0,9.0,0,6.0,1.0,22.721,22.721,14.0,
2026,2,Chinese Grand Prix,2026-03-15,China,Shanghai,Shanghai International Circuit,31.3389,121.22,hadjar,HAD,Isack Hadjar,French,6,red_bull,Red Bull,8,8,4.0,9,56,Finished,,1:37.311,13.0,1,False,False,True,False,4.0,11.0,0,4.0,2.0,24.405,23.062,9.0,1:33.121
2026,2,Chinese Grand Prix,2026-03-15,China,Shanghai,Shanghai International Circuit,31.3389,121.22,sainz,SAI,Carlos Sainz,Spanish,55,williams,Williams,9,9,2.0,17,55,Lapped,,1:37.981,14.0,8,False,False,False,True,2.0,13.0,0,2.0,1.0,23.106,23.106,17.0,
2026,2,Chinese Grand Prix,2026-03-15,China,Shanghai,Shanghai International Circuit,31.3389,121.22,colapinto,COL,Franco Colapinto,Argentine,43,alpine,Alpine F1 Team,10,10,1.0,12,55,Lapped,,1:36.783,10.0,2,False,False,False,True,1.0,15.0,0,1.0,1.0,23.195,23.195,12.0,
2026,2,Chinese Grand Prix,2026-03-15,China,Shanghai,Shanghai International Circuit,31.3389,121.22,hulkenberg,HUL,Nico Hülkenberg,German,27,audi,Audi,11,11,0.0,11,55,Lapped,,1:36.180,7.0,0,False,False,False,True,0.0,17.0,0,0.0,1.0,37.358,37.358,11.0,
2026,2,Chinese Grand Prix,2026-03-15,China,Shanghai,Shanghai International Circuit,31.3389,121.22,arvid_lindblad,LIN,Arvid Lindblad,British,41,rb,RB F1 Team,12,12,0.0,15,55,Lapped,,1:36.099,6.0,3,False,False,False,True,4.0,10.0,0,4.0,1.0,23.29,23.29,15.0,
2026,2,Chinese Grand Prix,2026-03-15,China,Shanghai,Shanghai International Circuit,31.3389,121.22,bottas,BOT,Valtteri Bottas,Finnish,77,cadillac,Cadillac F1 Team,13,13,0.0,19,55,Lapped,,1:38.393,15.0,6,False,False,False,True,0.0,19.0,0,0.0,1.0,27.795,27.795,20.0,
2026,2,Chinese Grand Prix,2026-03-15,China,Shanghai,Shanghai International Circuit,31.3389,121.22,ocon,OCO,Esteban Ocon,French,31,haas,Haas F1 Team,14,14,0.0,13,55,Lapped,,1:35.964,3.0,-1,False,False,False,True,0.0,16.0,0,0.0,2.0,36.532,25.997,13.0,
2026,2,Chinese Grand Prix,2026-03-15,China,Shanghai,Shanghai International Circuit,31.3389,121.22,perez,PER,Sergio Pérez,Mexican,11,cadillac,Cadillac F1 Team,15,15,0.0,21,55,Lapped,,1:38.523,16.0,6,False,False,False,True,0.0,20.0,0,0.0,1.0,26.213,26.213,22.0,
2026,2,Chinese Grand Prix,2026-03-15,China,Shanghai,Shanghai International Circuit,31.3389,121.22,max_verstappen,VER,Max Verstappen,Dutch,3,red_bull,Red Bull,16,R,0.0,8,45,Retired,,1:37.046,11.0,-8,False,False,False,True,8.0,8.0,0,8.0,1.0,23.678,23.678,8.0,1:33.002
2026,2,Chinese Grand Prix,2026-03-15,China,Shanghai,Shanghai International Circuit,31.3389,121.22,alonso,ALO,Fernando Alonso,Spanish,14,aston_martin,Aston Martin,17,R,0.0,18,32,Retired,,1:39.721,17.0,1,False,False,False,True,0.0,21.0,0,0.0,1.0,23.291,23.291,19.0,
2026,2,Chinese Grand Prix,2026-03-15,China,Shanghai,Shanghai International Circuit,31.3389,121.22,stroll,STR,Lance Stroll,Canadian,18,aston_martin,Aston Martin,18,R,0.0,20,9,Retired,,1:40.883,18.0,2,False,False,False,True,0.0,22.0,0,0.0,,,,21.0,
2026,2,Chinese Grand Prix,2026-03-15,China,Shanghai,Shanghai International Circuit,31.3389,121.22,piastri,PIA,Oscar Piastri,Australian,81,mclaren,McLaren,19,W,0.0,5,0,Did not start,,,,-14,False,False,False,True,3.0,12.0,0,0.0,,,,5.0,1:32.550
2026,2,Chinese Grand Prix,2026-03-15,China,Shanghai,Shanghai International Circuit,31.3389,121.22,norris,NOR,Lando Norris,British,1,mclaren,McLaren,20,W,0.0,6,0,Did not start,,,,-14,False,False,False,True,15.0,6.0,0,10.0,,,,6.0,1:32.608
2026,2,Chinese Grand Prix,2026-03-15,China,Shanghai,Shanghai International Circuit,31.3389,121.22,bortoleto,BOR,Gabriel Bortoleto,Brazilian,5,audi,Audi,21,W,0.0,16,0,Did not start,,,,-5,False,False,False,True,2.0,14.0,0,2.0,,,,16.0,
2026,2,Chinese Grand Prix,2026-03-15,China,Shanghai,Shanghai International Circuit,31.3389,121.22,albon,ALB,Alexander Albon,Thai,23,williams,Williams,22,W,0.0,22,0,Did not start,,,,0,False,False,False,True,0.0,18.0,0,0.0,,,,18.0,
2026,3,Japanese Grand Prix,2026-03-29,Japan,Suzuka,Suzuka Circuit,34.8431,136.541,antonelli,ANT,Andrea Kimi Antonelli,Italian,12,mercedes,Mercedes,1,1,25.0,1,53,Finished,,1:32.432,1.0,0,True,True,True,False,72.0,1.0,2,68.0,1.0,23.288,23.288,1.0,1:28.778
2026,3,Japanese Grand Prix,2026-03-29,Japan,Suzuka,Suzuka Circuit,34.8431,136.541,piastri,PIA,Oscar Piastri,Australian,81,mclaren,McLaren,2,2,18.0,3,53,Finished,,1:32.996,5.0,1,False,True,True,False,21.0,6.0,0,18.0,1.0,23.444,23.444,3.0,1:29.132
2026,3,Japanese Grand Prix,2026-03-29,Japan,Suzuka,Suzuka Circuit,34.8431,136.541,leclerc,LEC,Charles Leclerc,Monegasque,16,ferrari,Ferrari,3,3,15.0,4,53,Finished,,1:32.634,3.0,1,False,True,True,False,49.0,3.0,0,42.0,1.0,22.992,22.992,4.0,1:29.405
2026,3,Japanese Grand Prix,2026-03-29,Japan,Suzuka,Suzuka Circuit,34.8431,136.541,russell,RUS,George Russell,British,63,mercedes,Mercedes,4,4,12.0,2,53,Finished,,1:32.549,2.0,-2,False,False,True,False,63.0,2.0,1,55.0,1.0,22.937,22.937,2.0,1:29.076
2026,3,Japanese Grand Prix,2026-03-29,Japan,Suzuka,Suzuka Circuit,34.8431,136.541,norris,NOR,Lando Norris,British,1,mclaren,McLaren,5,5,10.0,5,53,Finished,,1:33.208,6.0,0,False,False,True,False,25.0,5.0,0,20.0,1.0,23.316,23.316,5.0,1:29.409
2026,3,Japanese Grand Prix,2026-03-29,Japan,Suzuka,Suzuka Circuit,34.8431,136.541,hamilton,HAM,Lewis Hamilton,British,44,ferrari,Ferrari,6,6,8.0,6,53,Finished,,1:32.777,4.0,0,False,False,True,False,41.0,4.0,0,35.0,1.0,22.891,22.891,6.0,1:29.567
2026,3,Japanese Grand Prix,2026-03-29,Japan,Suzuka,Suzuka Circuit,34.8431,136.541,gasly,GAS,Pierre Gasly,French,10,alpine,Alpine F1 Team,7,7,6.0,7,53,Finished,,1:33.691,9.0,0,False,False,True,False,15.0,8.0,0,15.0,1.0,24.304,24.304,7.0,1:29.691
2026,3,Japanese Grand Prix,2026-03-29,Japan,Suzuka,Suzuka Circuit,34.8431,136.541,max_verstappen,VER,Max Verstappen,Dutch,3,red_bull,Red Bull,8,8,4.0,11,53,Finished,,1:33.552,8.0,3,False,False,True,False,12.0,9.0,0,12.0,1.0,24.49,24.49,11.0,
2026,3,Japanese Grand Prix,2026-03-29,Japan,Suzuka,Suzuka Circuit,34.8431,136.541,lawson,LAW,Liam Lawson,New Zealander,30,rb,RB F1 Team,9,9,2.0,14,53,Finished,,1:34.230,13.0,5,False,False,True,False,10.0,10.0,0,8.0,1.0,24.165,24.165,14.0,
2026,3,Japanese Grand Prix,2026-03-29,Japan,Suzuka,Suzuka Circuit,34.8431,136.541,ocon,OCO,Esteban Ocon,French,31,haas,Haas F1 Team,10,10,1.0,12,53,Finished,,1:34.256,14.0,2,False,False,True,False,1.0,15.0,0,1.0,1.0,24.629,24.629,12.0,
2026,3,Japanese Grand Prix,2026-03-29,Japan,Suzuka,Suzuka Circuit,34.8431,136.541,hulkenberg,HUL,Nico Hülkenberg,German,27,audi,Audi,11,11,0.0,13,53,Finished,,1:33.732,10.0,2,False,False,True,False,0.0,17.0,0,0.0,1.0,23.999,23.999,13.0,
2026,3,Japanese Grand Prix,2026-03-29,Japan,Suzuka,Suzuka Circuit,34.8431,136.541,hadjar,HAD,Isack Hadjar,French,6,red_bull,Red Bull,12,12,0.0,8,53,Finished,,1:33.837,11.0,-4,False,False,True,False,4.0,12.0,0,4.0,1.0,23.698,23.698,8.0,1:29.978
2026,3,Japanese Grand Prix,2026-03-29,Japan,Suzuka,Suzuka Circuit,34.8431,136.541,bortoleto,BOR,Gabriel Bortoleto,Brazilian,5,audi,Audi,13,13,0.0,9,53,Finished,,1:34.164,12.0,-4,False,False,True,False,2.0,13.0,0,2.0,1.0,24.63,24.63,9.0,1:30.274
2026,3,Japanese Grand Prix,2026-03-29,Japan,Suzuka,Suzuka Circuit,34.8431,136.541,arvid_lindblad,LIN,Arvid Lindblad,British,41,rb,RB F1 Team,14,14,0.0,10,53,Finished,,1:34.314,15.0,-4,False,False,True,False,4.0,11.0,0,4.0,1.0,26.335,26.335,10.0,1:30.319
2026,3,Japanese Grand Prix,2026-03-29,Japan,Suzuka,Suzuka Circuit,34.8431,136.541,sainz,SAI,Carlos Sainz,Spanish,55,williams,Williams,15,15,0.0,16,53,Finished,,1:34.514,17.0,1,False,False,True,False,2.0,14.0,0,2.0,1.0,24.396,24.396,16.0,
2026,3,Japanese Grand Prix,2026-03-29,Japan,Suzuka,Suzuka Circuit,34.8431,136.541,colapinto,COL,Franco Colapinto,Argentine,43,alpine,Alpine F1 Team,16,16,0.0,15,53,Finished,,1:34.512,16.0,-1,False,False,True,False,1.0,16.0,0,1.0,1.0,23.649,23.649,15.0,
2026,3,Japanese Grand Prix,2026-03-29,Japan,Suzuka,Suzuka Circuit,34.8431,136.541,perez,PER,Sergio Pérez,Mexican,11,cadillac,Cadillac F1 Team,17,17,0.0,19,53,Finished,,1:35.637,19.0,2,False,False,True,False,0.0,20.0,0,0.0,1.0,27.307,27.307,19.0,
2026,3,Japanese Grand Prix,2026-03-29,Japan,Suzuka,Suzuka Circuit,34.8431,136.541,alonso,ALO,Fernando Alonso,Spanish,14,aston_martin,Aston Martin,18,18,0.0,21,52,Lapped,,1:36.221,20.0,3,False,False,False,True,0.0,21.0,0,0.0,2.0,25.235999999999997,24.014,21.0,
2026,3,Japanese Grand Prix,2026-03-29,Japan,Suzuka,Suzuka Circuit,34.8431,136.541,bottas,BOT,Valtteri Bottas,Finnish,77,cadillac,Cadillac F1 Team,19,19,0.0,20,52,Lapped,,1:36.269,21.0,1,False,False,False,True,0.0,19.0,0,0.0,1.0,25.129,25.129,20.0,
2026,3,Japanese Grand Prix,2026-03-29,Japan,Suzuka,Suzuka Circuit,34.8431,136.541,albon,ALB,Alexander Albon,Thai,23,williams,Williams,20,20,0.0,17,51,Lapped,,1:33.427,7.0,-3,False,False,False,True,0.0,18.0,0,0.0,6.0,25.81683333333333,23.072,17.0,
2026,3,Japanese Grand Prix,2026-03-29,Japan,Suzuka,Suzuka Circuit,34.8431,136.541,stroll,STR,Lance Stroll,Canadian,18,aston_martin,Aston Martin,21,R,0.0,22,30,Retired,,1:37.217,22.0,1,False,False,False,True,0.0,22.0,0,0.0,2.0,24.292,23.501,22.0,
2026,3,Japanese Grand Prix,2026-03-29,Japan,Suzuka,Suzuka Circuit,34.8431,136.541,bearman,BEA,Oliver Bearman,British,87,haas,Haas F1 Team,22,R,0.0,18,20,Retired,,1:35.604,18.0,-4,False,False,False,True,17.0,7.0,0,16.0,1.0,25.081,25.081,18.0,
